"const","linear","walk"
0.0188673044075228,0.00337895078894179,0.00526691748779058
0.0133245854487865,0.00567939782015503,-0.00385689139670387
0.0285871522023671,-0.0122659184218948,0.0515841743736515
0.00181139661706133,0.0187128528495716,0.0280789015365339
-0.0377529217868039,-0.0107986490580959,-0.0208438618270259
0.0113713394877631,-0.0300249795212936,0.0254894866137989
0.00272884998309542,0.0172749920751566,-0.0500069445219264
0.00732647434721556,-0.00639627294285161,-0.0517578440878153
0.0199098383281245,-0.0167130308592584,-0.0499030735715225
0.0167849576912727,-0.0370768109189534,0.0384938899440903
-0.00825857331930802,0.0181085046083354,-0.0291288843034846
-0.0340838922401412,-0.01213315950908,0.0136344651179679
-0.00736395966681391,0.00203701506556264,-0.000561088922994668
-0.0206681572762314,-0.0301948949183968,-0.0244539220319746
-0.00710067978736562,-0.0269083009522595,0.00337810797954837
0.0128318383703759,-0.0405505677928711,-0.00826143033293624
-0.0496108591614994,0.0575525249894634,0.0458654844940533
0.0111655672411646,-0.000582412860879566,0.0742033745774737
0.0112833413320328,0.0446448950146217,0.00207137124402024
-0.0694228813256505,0.0525280523965921,-0.00875411126507214
-0.00169594494648373,0.00253684412833433,0.0171506714834264
0.0301288863818641,0.0135522399260551,-0.0482648403026542
0.0449624028691258,-0.00519013139891311,-0.055422657033647
0.0653629942833134,0.0226153749984928,-0.0132469796274339
-0.0156905376803311,0.00142553681116753,-0.0388788289516691
0.0791984423182414,-0.0113686541990176,-0.0146642430978299
-0.0663313017468818,0.000401075787923366,0.00775000501960977
-0.0984060518505869,-0.0139436051703225,0.0268031370412277
-0.0513424085708801,-0.00921952351390654,0.0241856248895027
-0.0267456237856282,-0.0293638669913212,0.0369596818844888
0.0902988104706098,-0.00184456844251496,0.0309290740503554
-0.0124303366642213,-0.0157228516536156,0.105584235987104
0.0309005470721696,-0.0227368889362752,0.0050395857972334
-0.00851591665013854,-0.0430526560595979,-0.03119982568067
0.0123903190497893,-0.0343865031310362,0.0460670514853935
0.0345825514685287,-0.0226033273912221,-0.021114779754116
-0.00100890101687091,-0.0145415125195197,-0.0230743808230323
0.0152597833822212,0.0284248356740191,-0.0112537701746369
0.00261577627199097,0.0213796990952009,0.0904416338019999
-0.0297810927662352,-0.00264559693175734,-0.0319809858745393
-0.0729247074302246,0.00215214459226121,-0.0188410952584444
-0.0305373425589189,0.0360750114562756,-0.0407765464628514
0.00948517208125869,0.00588948881875245,0.0483819706304739
0.0165661822061937,-0.038033805228135,-0.0272474128978906
-0.00407286262927864,-0.00913808287970076,0.00261380399981548
0.0104067964380375,0.0104541315493664,0.0693685940618636
-0.0094698344617638,-0.0449029914926253,0.0100195551492288
-0.0454362846441185,0.100716925858741,-0.0286833140868331
0.0669741881922285,0.0816543057985059,0.00956347669074398
-0.0439499400707348,0.0296819825470749,0.0190337427061149
-0.02143816479557,-0.00563783134237938,-0.0310566639298476
-0.0592350368856213,0.0189814887511969,-0.0517384746380474
0.0295716169520402,0.0457586233368369,-0.0164184951256115
0.00544030187824762,0.035377968826894,-0.0132073103150158
0.0725150576920398,0.0123242135573979,0.0251967354471752
-0.00536813915193453,0.0184383352227123,0.0122751350074001
-0.0280738104036887,0.0579993268183855,-0.0536412050284859
-0.0103302560009224,-0.0528752668656197,-0.0233425461398791
0.0137457076903154,-0.00313473042105014,0.00648444507597931
-0.0482948038667554,-0.00844476656467208,-0.0244200021987461
-0.0177225550963038,0.0347255030539139,-0.0352269642171254
-0.0359263355619145,-0.0324561528393943,0.0172195317461125
0.004663992896344,-0.0862488158229999,0.0403044740986049
0.0614168459200966,-0.0104027972941383,0.00128256896053158
0.0112231934462774,-0.0480442798698306,-0.00653836543960085
0.0134581721821611,-0.0297394463085441,0.0251302125755789
0.0789884320814179,0.00397186734880281,-0.010188734139508
0.0264304353237492,0.0257076275265236,0.0166481047651656
-0.00238476487958633,-0.00694445072227398,-0.0294582215154385
0.0323673454687116,-0.00176659776378929,0.0172259506861677
0.0732035348985416,0.0328494799343749,0.0581520259883054
0.0337595035891991,0.00684476575579329,0.00514884326263731
-0.069500501327382,0.00266283381820037,-0.00301491614321459
-0.0895525981978944,-0.0273505854479176,-0.00664369620733193
-0.0106752766572943,0.0179305881150269,0.0545316087195725
-0.00991676336217858,0.0329159845099294,-0.0765988097602081
0.0337457630461165,0.0306202666127433,0.00716720325244136
-0.0520846790639224,-0.00267471899650223,-0.0248137331441713
6.85201670624913e-07,-0.0965476805753835,-0.0170865495292418
0.00406875623916469,-0.0257529262453252,-0.0501442045756461
0.040019520874827,-0.0585801314904016,-0.0118533550466023
-0.0891075506121594,-0.0706739362957833,0.041491949934918
0.00655985594070446,-0.0738235862642602,0.0176854290488074
0.0184476756627253,0.00323596248912555,-0.022792647279838
-0.0127148521400693,0.0317308883217139,-0.0213306660508725
0.0723862721660076,0.105992546671944,0.0130522523306406
-0.0149831978712917,-0.0139424296523749,0.0013190387046268
-0.0131862152545587,-0.0536910723501836,0.0510180963696717
-0.0220683101836088,-0.127050740644887,0.021402568341598
-0.0240424171860575,0.00214380802905907,0.0132695789419836
-0.0122754846204659,0.0447514960503523,-0.0580946543929081
0.00644000148280677,-0.0183030107588662,0.00197771642134703
0.00844317730548272,-0.0251301550633025,0.00417018774940836
-0.0352934677146751,-0.00103971935174417,-0.000363858451002296
0.075532637732512,-0.0396590995418458,0.0135686697903205
-0.0298224165876668,0.000585462127357106,-0.0257118657630501
0.0653616908054478,0.0689590901756792,0.0101787091730525
0.0335671912769097,0.000764149563571848,-0.0084798314977674
0.00938338909093306,0.0132320696499874,-0.0246734085289222
-0.0152825168382481,-0.0704044332596386,-0.0238419956568467
0.00592523034185122,-0.0103959332586958,0.0095815040044441
-0.0243504303157995,0.013275235352813,0.0647349775431392
-0.0051711305822509,-0.0624402513817794,-0.0068747274996982
-0.011441783687293,-0.0258744893886225,-0.0137620371338679
-0.0404625349029499,-0.0161379585487544,0.0259020964437436
0.0291249489562064,-0.024691674539854,-0.0648429196932184
0.0634510416440208,-0.00863210557164396,0.0340525180668281
-0.00399668570034561,0.012115254753427,0.0119043572320907
-0.00563252928015034,0.0211473975826129,-0.0258714493327275
-0.00999208158455467,0.0174451986506698,-0.0597862061684609
0.0107003616699034,-0.0742071396470914,0.0365267522325471
-0.0179885507707742,-0.00777327604444222,-0.00452000521198992
-0.0303532837655669,-0.000321351194035924,0.00667202744888751
0.0221010724453572,-0.00247724881208597,0.00542012047554441
-0.0334683292046331,0.0149826052497942,0.0227401464985181
0.0177360441685314,0.0056519976720999,0.0207280712274876
0.00504987241726784,0.0236962533397701,-0.024526967468558
0.00307665562220971,-0.0011289655518476,0.0239116736082053
-0.0267655893440139,-0.0431224533063591,0.00419341655571387
-0.0244128451739362,0.032255924152039,0.0159098128442774
-0.0019980039441293,-0.0130208727011687,0.00459576757977263
-0.0063781707789442,0.0191970221150412,0.019727762228472
-0.00804718589556067,0.0250227234795549,0.0815222342410504
-0.0355370956120966,-0.0392176387643176,0.0139722982135388
0.0167317013421759,0.00658957314579245,-0.0251657913030048
-0.000282174820621285,0.0133126849145682,-0.0065659887722091
0.0195359029062944,0.000399043190883464,0.00743938138566236
0.00398544820543464,0.0631942636707734,-0.0144294973559124
0.075175285945617,0.00062240259464974,-0.0102908809562399
-0.0096023069083514,-0.0138038391480762,-0.041696156616683
-0.00753190056202069,0.00454522137332208,0.0247814689288597
-0.0810572077710588,-0.0179325337886552,-0.043244740029089
-0.00855818788396401,-0.00943921957739624,-0.0255428313715812
0.0370162644339226,-0.0142969415781622,0.0285844376848882
0.0441150176335617,-0.00185336546428527,-0.011185188708421
0.0219882509973632,-0.00276841166668551,0.0374562201061309
-0.00924122416435825,0.0316826293335238,0.0635531853804256
-0.0128624753413888,-0.0461686631558289,0.0157553978582958
0.00583634150930712,-0.00953704366450685,-0.025453416140537
-0.0677474725107878,0.00108009775662563,0.0343794481292434
-0.00358446654005318,-0.0290312137236377,0.00916128445061803
0.0368123637845585,-0.0266936804646036,-0.00152775987390985
-0.0267765500246859,0.00954031857037484,0.00722066117591047
-0.000256892754484803,0.00667614984323263,-0.0640303356993659
0.0167149892847263,0.0159519494086651,-0.00406070312913276
-0.0232493398759079,-0.0506873513353025,-0.0325025791081767
0.00623603939055365,0.00807330688044,0.00501401501091392
0.00877263792757799,-0.0543092274353826,-0.00337612666069437
0.0469656764052122,0.00567064614019919,0.0343559904445933
-0.0557115678310575,-0.0211032125241791,-0.0893099406427982
-0.0592054073037757,-0.00446969074680548,-0.0249187467750768
-0.0099474363460087,-0.0868980313546368,0.0240094262897759
0.0108579528987957,0.0583858564470202,-0.0111035887766816
0.0194334804372917,-0.0220056758390645,0.00886605153548414
0.0281459870161554,0.0105873278425777,-0.0041532690369766
0.017331202378558,-0.0183629683851061,0.00886615085159304
-0.0327577636323365,-0.0557478853862585,-0.0484110586259525
0.00140755913951755,0.0278682280284548,0.00553284733961773
-0.0264789906459306,-0.0087861923242214,-0.00435222390468173
-0.0564771974447554,-0.0131671952622414,0.0538292138300707
0.0234061283812715,-0.0330976291616162,-0.0607209174161124
0.025986494988366,0.0123597148273333,0.0101230029768253
-0.0230316101928123,0.00254963981377143,0.0168682045104351
-0.00947372500892985,0.0310530253440104,-0.0111406987260189
-0.0623944341841502,-0.00612818791458836,6.85083769306205e-05
0.00256329160823943,0.0296200114804802,-0.0111369194975238
0.000578637818090755,0.0323593024607157,-0.00482554776253691
-0.00405194357474135,-0.0063282399044306,0.00689376797444834
-0.0465140550073096,0.028629010034246,-0.00392285185139141
-0.0150658851278082,0.00464904349365333,0.0475441932627211
-0.0128009850855456,-0.000710676108815171,-0.00713642029083007
-0.064604957249044,0.0525376064180258,-0.000504585032520821
0.0409474594909453,0.0487625804268035,0.00607277296305959
-0.011693445022304,-0.019749108903203,0.0140279026433648
0.0223556963667202,0.000633770723188709,0.0977596351011619
-0.00200531276987093,-0.0420655113398868,-0.010888789022672
0.0340047806340852,0.058080011011163,0.0138263988958509
0.00291516468092107,0.068518718880987,0.0537164936815739
0.0514330782372169,0.0664622615018015,-0.0123095834272403
0.00772054805880151,0.0326665969977298,0.00206270294550981
0.00128929425942848,-0.0484843586966041,-0.0525363509572622
0.0257743961284995,-0.00780164758811261,-0.0191565248888552
0.0265697055396448,-0.00176680398807506,0.0288066718630909
0.0243978449448517,-0.0269636269885163,0.00431398344625489
-0.0652187920092373,0.0120131693567478,0.0659121461571341
-0.0569998731436595,-0.000545295468377636,0.0175721069824945
-0.0132021935513255,-0.00357973790883569,-0.032323619777286
0.000865386468719032,0.138801834705264,-0.0656958819093655
-0.000723629187322383,-0.0452316879434868,0.00833927225522801
-0.0240654417481383,-0.0105057582123874,-0.00281266347625408
-0.0212701679000026,-0.000509483736606402,0.00242099190689693
0.0168781213787842,0.00771745679931415,0.0300979778764166
0.0283813820135708,0.00690785237254976,-0.00330859408052575
-0.00162724082525589,-0.0902463623399604,0.0356700133004041
0.0079364810430218,0.0174016861187346,-0.016517293744108
-0.0274078997172764,-0.0274670219657101,0.0162687465218017
0.0048620079771895,-0.0214592563947213,-0.0232383253259836
0.0358121271479629,0.0419121071985255,0.0166867417608997
-0.0246945417702645,-0.0281410987602376,-0.0198514530044983
-0.0186441959423735,-0.0540375157175428,-0.0215916449588711
-0.00366830279506286,0.00172713354045603,-0.00857076479700047
0.0181714072269407,0.0043829788355858,0.0167891270384175
0.0556718020409074,0.0405906822831721,-0.0298874637790572
-0.077878889663439,0.0609246215281765,0.014469976262334
0.0178022634474461,-0.0167981551305602,-0.0144451800845151
-0.00648270081344338,0.0532465152079655,0.00262789301590871
0.0184856158009874,-0.0528009380478373,0.0647867218123238
-0.0461330880750108,0.0242837502390505,-0.0166132659862827
0.0206017109607423,-0.0277648857306573,0.0335979878082916
-0.0572042081518865,0.00360252728951205,0.0482096935681057
-0.00431116455373282,-0.00877349831851144,0.0389791711282795
-0.000758966830317176,-0.0160049298804942,0.00269442677730296
0.00449757981916921,0.0147816669775019,0.0768214884917578
-0.0159221720158545,-0.0395168629612802,-0.0239771136483836
-0.0608933639356878,-0.0102220863453704,0.00603556692353158
-0.0188140240833481,0.0310360911624548,0.0388254541507247
-0.0474328928580371,-0.00662182256018522,-0.000559998007383398
0.00301717326091466,-0.00451168307401212,-0.0316881163635406
0.0220961566836742,-0.0546819880329938,-0.0179215653624735
-0.000176671617040124,-0.0132355163787153,-0.0553768521434355
-0.0305877573675329,-0.0686066607230563,0.0231023704666443
-0.027906522233067,-0.0220505561956544,0.000148948874162835
0.00861565594991487,0.0315180533788034,-0.0238126871242703
0.0824016885067528,-0.0199930817015659,0.0424746695369294
-0.0478405339952009,0.0136700298740491,-0.0171968614692072
-0.0441070609392795,-0.0268803654734565,-0.0401980871623946
0.00735032631077044,0.0050663660310537,0.0164198803711904
-0.0385270865113763,0.0405005348839416,-0.0458462397824796
0.018180770473623,0.0110940263978053,0.0105153381871348
0.0388399247183072,0.0466724319236689,-0.0154706075486344
-0.014387648275699,0.0129937027632309,-0.0192972876498481
-0.00192731672366275,0.0284473159451013,-0.0314466625894977
-0.046081114412468,-0.0165502541107009,0.0306735523539937
0.00290039615907456,0.0288613688443597,-0.0211088602131924
-0.0387831350680754,-0.0532263826059836,-0.0277403498277765
-0.0272732445185753,0.0160072181119476,-0.0312810384410293
-0.006653646331781,-0.00626423950767296,-0.0185285359132416
-0.0135817802115803,0.0313884559411653,-0.00278792269143424
-0.0062173418998609,0.0057394274081381,-0.0292044012733116
-0.0313354974116784,-0.00544419629110664,0.0214791773763527
-0.00682871481169025,-0.017466185847977,-0.00819305367610745
0.0096022081782231,-0.0264765261003672,0.00227433429254632
0.00034728004611384,0.0303691622756136,-0.0206507471190137
0.0503129667013604,0.012151704358329,0.0538880903633683
-0.020819203179275,0.0416871861051489,0.0113872503171713
0.0416508569239634,0.0912959351628853,-0.000173287679718581
-0.012266404761437,0.0140082521334497,0.0406100892719614
0.00685175950904182,0.012608854190164,0.074644414805912
0.0529125266190282,-0.0463875461622102,0.00849571400115146
0.00480076099843896,-0.0338544380043635,0.00862328939309392
0.041735360508376,-0.0201865155585558,0.0270740743587419
-0.0424488190168721,0.0110511764001221,0.00248886842068397
-0.00347636155549626,0.0300672878259568,0.114707441077281
0.0146532529773995,-0.024435942209993,0.00193044938154174
-0.0570048465415928,0.0171946636624841,0.0203716133138499
0.00998684864225843,-0.0194312715749939,0.0213121575943725
-0.0137476358715395,0.00903889983755624,-0.0867444764283456
-0.000811460465852204,-0.0245451447466219,-0.00161849191695577
0.0301139944438702,-0.0185298726003262,0.00828227491183059
-0.00123882839429501,0.00606262413394337,-0.00420842147698614
-0.0195496133519001,-0.0180844398690253,-0.0520317343855393
-0.0171218247618289,0.00172924476171776,-0.0560311041265609
0.0344197124863104,0.0022022569359138,-0.00274694103254125
-0.00400149174270337,-0.00565601598678933,0.00872419761779224
-0.0635614177562213,-0.00179107518966429,-0.0331231551815913
0.00560981790519399,-0.00181462355968753,0.00950972507890557
0.00643818134523939,0.0508707548114521,0.00789115520466721
0.0079011071998652,-0.0142907776369144,-0.000278809104418881
-0.0101407538105305,-0.0289681905293602,0.0161108056818821
-0.00959183107138561,-0.0202252658193862,-0.0683160490775544
-0.0406531747960808,-0.00640707949429153,0.0186658419767931
-0.00596179056497503,0.0163661404914741,0.0211068535730367
0.0141347698191968,-0.00449208856570538,-0.0607482577104084
-0.0822768854752706,-0.0178442076306919,-0.0170313861948271
0.0387456090441434,0.0299818434138054,0.00491160370482378
-0.0414749297056351,-0.11429824153364,0.0673727774020662
0.00571821608246648,-0.048331532220147,0.00897425014617656
-0.0176820168399726,-0.0250092553832746,0.0266029497663439
-0.0622302218604381,0.00479607831366397,0.0228653472097491
-0.0190663324276343,-0.0282641342226079,0.0284594288537534
0.0337879895114004,0.0171386141700273,0.00112614313231441
0.0181150713706714,0.0136986508490229,-0.0458796957708752
-0.039265607105932,-0.0477798578161363,-0.0230528199560764
-0.0516395203830669,0.0300907105580303,-0.00139659382126867
0.0158602494544023,-0.000121077654968244,-0.0153367582944388
-0.0206187095521376,-0.0190443238617896,0.0241069060646519
0.0332322961963368,-0.021427104969885,-0.0122100198561001
-0.00521469601290039,-0.0177738740722346,0.00142143236714419
0.0540979959604705,-0.0310268734357265,-0.0129687736133753
-0.00602913518652143,-0.0224981090318492,0.0511066117346802
-0.0202393123902143,-0.00474659099903485,-0.025150448980027
-0.0210275551161849,0.0719901231392891,0.01489336541132
-0.0158240842559858,-0.0405814810216381,-0.0402774376178808
-0.0277011950792108,0.0215152766086296,-0.00151869431315499
0.00620084217166195,0.00520240217531021,0.00573450098630632
-0.0347900259767075,-0.0531069330545295,0.0159123618471808
0.0162960652871051,-0.00367419236261157,-0.0566481285055022
-0.010177230427341,-0.0112501774159446,0.0412584151027509
0.0651155500608469,0.0133931203328566,-0.0186235504583526
-0.0748681322971969,0.0280498560828927,0.0277523006910491
0.0172992464018653,-0.00404188967574548,0.0252185295811361
0.0772004233820961,0.0591019915849923,0.0153764159043272
0.0797222213341832,-0.00185187562472844,-0.048032670443295
-0.0123811223151978,-0.0105028395761617,0.08834579767261
0.0498654594083628,0.0310315567273812,0.000329419227681371
0.000560192615623678,-0.00687877670911985,0.00797231145356339
-0.0201049294931862,-0.0232282885127847,-0.0171092969977511
0.0322266899886554,-0.00388600584793786,-0.000996935137116184
-0.0077350559766079,-0.00250242241043275,-0.0394511376617147
-0.0579067001867885,-0.00339237592404059,-0.0328000970727076
0.00328256085402012,0.00181199153031887,0.0269424317628237
-0.00946302494675311,-0.00289988116864892,0.0374411717834672
0.00249597198679298,0.046594464595382,0.0124050626105153
0.0351444159568385,-0.0115890704076683,-0.0954882425639442
-0.0216595913979029,0.0719142733798488,0.0240237956973876
-0.031531470806837,-0.00491797055223997,0.00730805031183579
0.0255087736640043,0.023305296226684,0.0242852918048242
0.0471221682153197,0.0151578674473861,0.0926797284182523
-0.00393242832581651,-0.00111150418381079,-0.0270919117739029
-0.00655242946906859,-0.0259881018593321,-0.0113203489944086
0.00631791951316429,-0.0280114615173608,-0.0316207066767981
-0.0237038980144398,-0.0749709245021933,-0.085750769794422
0.0122728061993305,0.00618876392471374,-0.0701694143168841
0.0352300659363166,-0.0121907721993505,0.0607939486220294
0.00393454253422876,0.00693971474594457,-0.0256909392889915
-0.013240626898398,-0.016009056344318,0.0594462870212146
-0.000218526885011575,0.0210094699375843,-1.76856074758196e-05
-0.0296362317224823,-0.0297642887318307,-0.000411544311356038
-0.00371352100885647,-0.0699738229896996,-0.0146668432513696
-0.00121129645389928,-0.0637683509568067,-0.00419450336800409
-0.0029533335033276,0.00438958885300389,0.0756161936653272
-0.11625838768325,0.0471835504222954,0.0123067951429491
-0.0395462283157655,-0.0182804535382943,0.0149670843601691
-0.000865638389714207,-0.0124997224334549,-0.026327724436213
-0.0085131049677275,-0.040868684148224,-0.0011212535400888
-0.00261837155743427,-0.0564870751826885,-0.00418901216674135
0.00981242412866243,0.00833766951942055,0.0165154212625941
0.0253501899305428,-0.00969182037955163,-0.0406455061048049
0.00832135081920499,0.0408876715985711,-0.0315695503019633
-0.0630075086775894,0.0542923266935182,0.060832501777188
-0.0157825225339212,0.0330353587834297,0.0100316002022957
-0.0090802268701996,-0.0531668775849773,0.0125454462092486
-0.0411209672449099,0.0295854350998217,-0.00410244312384733
-0.00404765209089875,-0.0270797954899127,-0.0102436610047407
0.0340937249105135,0.0847309190433083,0.0400352362470931
0.0792407292230824,-0.0512501270598119,-0.0781985899140252
-0.0767620374471464,0.0386499007267991,0.00336434947891229
-0.000683344135835262,-0.0164150637837155,-0.0108792473049207
-0.0698613176870939,-0.00163023227669223,-0.0527047185243256
-0.000219685912135511,-0.0173817121349642,-0.0632960601850189
0.0313653951730493,-0.000288102006030355,0.0524486510477555
0.0289000216150783,-0.0298204904892843,-0.00916674532426123
-0.0722743860777971,-0.0752134538337569,0.0297997453395572
0.048229259136214,-0.0594804752946041,-0.0103490654836547
0.0428991227110919,0.025116999272031,-0.0242652289420026
0.0455496573048514,0.00791596032145614,0.0492588909013618
0.0151671990035112,-0.0214586189479215,-0.0322886043399194
0.0123832374945495,0.0210849960597834,-0.00956646298694533
-0.015549337204923,-0.00240996162646107,0.0637762151810042
-0.0055159050587424,0.0233074447073925,0.0793812198948866
-0.0135211417449698,0.0351889668071181,0.0333320442234941
-0.0155055605926757,-0.0367410306921251,-0.0417651697279423
0.00561085266594119,0.0138719148547708,-0.0151061540001577
-0.0142046582983748,0.0450519600980874,0.0482756054595732
-0.0154452009193881,0.000487106891203928,-0.0378978289752876
-0.0123995712063523,0.0456767673627783,0.00998933748479736
0.0221902419995557,0.0389095477972245,0.00737478694484317
-0.0293745611445672,0.0469125635477009,0.0122930773420442
-0.048837186987339,0.0093741436540165,-0.14684633449646
0.0212208154979077,-0.00135511213237564,0.0177703894067528
0.00669508625056861,-0.0118556902634533,0.0709903927919996
-0.00400382683830487,0.0181921311440136,0.00988296965749169
-0.000128609330479423,0.00485736000343245,-0.0263460501320214
-0.0338628389352226,-0.0240314130708682,0.0237303849633442
0.00294135128286691,-0.00914361360111905,0.000523602259928205
-0.0667698953232004,-0.0222685110194707,0.00377856212237816
0.034742930251288,-0.0140499536830221,-0.012962548967128
-0.0780430381990164,-0.0107624270935276,0.00519112351695161
-0.0279182857050919,0.0241021609387961,0.0348844668676367
0.0160755709236237,0.0052058517380166,0.0204791421419998
0.0371673331407607,0.0152184673296527,-0.0431641718026274
0.00169426116548611,-0.0116564315664208,-0.00296898121674405
0.0148293170612677,0.0426873726990152,-0.0126104599244653
-0.0865104315603633,-0.00196960301317117,-0.0375287833882801
-0.0320895002870235,-0.0193007534750231,0.0232566517379816
-0.00274759270394231,-0.0514307412205533,0.0229676554765124
-0.0197003687737689,0.000867956398351229,-0.0329818700508781
-0.00444878339139332,-0.0382765447039126,0.00013253895036373
-0.0028086141141417,0.0385991504407632,-0.0582902745074682
0.00442692277248921,-0.030625866082905,0.060782805388764
-0.0199119977097287,0.00649796232500788,-0.0165300452855796
-0.00859669023044116,-0.0253107913032407,0.0384038208065547
0.04631366734034,0.00326233470828308,0.005794203679724
-0.0393972690740204,0.0144658148401319,0.0260301997683257
0.0342303573031983,0.0351864940285679,0.0730478710949284
0.0366854552192492,0.000280678175398896,-0.0204251208738429
0.0246031244484481,-0.00383296446041165,-0.0666520162654847
-0.0113175478134818,0.0228169261820377,-0.0197150899549169
0.0204065120668316,-0.0230374824364248,-0.0133078273256286
-0.0452649744704172,-0.0683851456295033,-0.0226463873161394
0.0390067065307282,-0.00850134934639941,-0.0224149429096298
0.0650492754508964,0.00266059121427387,-0.0391765895934669
0.00161539348605011,0.0309198162826767,0.032052487158993
-0.0113681417887309,-0.041131786099609,0.0127821068756472
0.0220599555074136,0.000241764984546422,-0.010920596576048
0.0394611051668841,0.0255854719668019,-0.0293655314534182
0.00614679530387373,0.0329609156723665,0.00991256555468667
0.00964175591528932,-0.0206380595882586,-0.0287271126748183
-9.85643893620658e-05,-0.00988486886140952,0.0122610372260467
-0.00191374239983333,0.0144142671951786,-0.00206226756131128
-0.0323326701375812,0.0349019271491883,-0.0227642580018529
0.0140555199559443,-0.0621610479180837,0.0379665285476038
-0.00930407891296153,0.0143583590065059,0.000919647233720178
-0.0347695691476799,0.00340353056038755,0.0621786129324222
0.0396460243559811,0.014959903865809,0.000241649281741307
0.0189595230214193,0.0125024220412805,0.023056569069508
-0.0449812155133886,-0.01144128807915,-0.0428653672119895
-0.0396463636118359,-0.00909129621704688,-0.0156216772257091
-0.00425475144176687,0.0728681753480722,0.0170212187585046
0.0120587107016596,-0.0181227592349458,0.000899130387551406
-0.0188703607961233,-0.00539566722029172,-0.0016358970609166
0.0493249419165884,0.00447387036756275,-0.00924084558167593
0.000597317683507431,0.0692270173977282,0.0154895008243416
0.0360405631319524,0.0570723444510875,0.0418766975421725
0.00706240069469111,-0.071006549674169,-0.0566130909689013
-0.0219699180248512,-0.00558786461126859,0.000222477248988051
-0.00665463048145344,0.0730903008903092,-0.0680178086923131
0.0119158088410753,-0.0688588119247018,0.0533212000127733
-0.00384807947831101,0.101129199702958,0.0205679391873184
0.00301055431902339,-0.0307146705416756,0.0718232823563018
0.021612048352789,0.0104123512692702,-0.00470215331360124
-0.0011317786931373,-0.0641917365107184,-0.00426395993060102
-0.0180215825268622,-0.0127205757790655,0.0283731034463725
0.0346734062796824,0.0390827792776164,0.0598903550254803
-0.010738569339892,-0.00229081676766495,-0.0022982544178356
-0.00560617821163623,0.00418816463072991,-0.00221320997540253
-0.00678694801097224,-0.00163107392412248,0.0118435053537
0.00990747051371088,-0.00628698598319644,-0.0286830544875252
0.00172787251795603,-0.0219006197648219,-0.013771706546327
0.0198584200484972,0.0464661131429069,-0.0186651669393715
0.0228756315145919,0.0578053720091904,-0.00157990272402107
-0.0037861957856955,-0.0139923845270785,-0.00962335047869292
-0.0218027755003088,0.0574473911096895,-0.023753075976668
0.0389830406805072,0.0514910689041352,0.0343244893380267
0.00884349917657801,-0.0117156492559305,0.0427616471162728
-0.00348731741721454,0.0151057280394085,0.0364727837219664
0.0551491246051634,-0.0234165131829607,-0.0529188776466899
-0.0102035325444071,0.00542082380729442,0.0794057253529388
-0.00176890964488663,0.0508632519217705,0.0524306448584262
0.0138197463862682,0.0195883561994875,0.0345626715761078
0.00223886441315535,-0.0202172481805126,-0.0413259665192795
-0.0653626323902384,0.06868571990135,-0.0226237509296575
0.0206772902477212,-0.0216136204530019,-0.000747771679608208
0.000839450315226253,-0.0331521534370436,0.0302289424911499
-0.00773004367987926,0.0289128990384626,-0.0546396277886527
0.0079098663974923,-0.00501635307180437,0.0134494197972158
-0.0131060457618114,0.0207815449206869,0.0638144773607641
-0.00662940604020891,-0.0276883837701899,-0.0373429526014833
0.0348194706265645,-0.062527431789997,-0.00514667542667657
0.0191508926831012,0.0303007000419055,-0.0429313083970533
0.000320033833446365,-0.0161204690957635,0.0374936153404659
0.021836376679529,0.00588942391500688,0.0291486272098589
0.00104601066665189,-0.0664170442234342,0.00382475030540819
0.0196857770314428,0.076952421758016,0.0065591424196989
-0.0309652525791424,0.00624571122311568,0.0413429030227479
-0.034338773850247,0.0233396143621509,-0.0357491182030337
-0.0180376501976462,0.0159682841835816,-0.0235695530722445
0.0737619859419409,0.0265807540497845,0.0125724903699775
0.0589400817903559,-0.0064340805913421,0.0163091036228614
-0.0255330222013197,0.00101927152453307,0.0216957817363121
0.00902925572120283,-0.0382378173027721,-0.0106183057520132
0.0349287159811055,-0.0215777756545162,0.0178971047538503
0.0431736685551743,0.0175487604562227,0.00625781827279227
-0.00206060714918643,0.00737984801445456,-0.0724933203159769
-0.051805766223191,-0.00755860293984534,-0.0268308160945211
0.0124904750890963,0.0217761887749342,-0.0578153998884003
0.024347107277559,-0.0167967034926808,0.00246886809871727
0.0520429991506434,-0.0208706533727836,-0.00518271213302196
0.0134313116642727,0.0105121276350256,0.00728442742968971
-0.0747903088344862,0.0266249883308909,-0.00950292535313142
-0.12678225179684,-0.0134455903625301,-0.0730171176863242
0.0287292539941542,0.0121847592287252,-0.0110350911120791
-0.0751649380029918,0.0321580004733828,-0.012796594335383
-0.040289817222651,-0.0103718546621012,-0.0304365384376919
0.0088029785512469,-0.0910707573716329,0.0035747771601955
-0.00422597253082369,0.00322155426521864,-0.000236072763507011
0.0294184010140702,0.0508713754758126,0.0147172306242985
-0.00901725686140215,0.0502402980337858,0.0576318148561527
-0.0454766554784866,-0.00266341108721346,-0.0481428509429646
-0.0536084262134823,-0.0428818541682898,0.0142279206980446
0.00917028316430235,-0.0317241825212723,-0.0122963714042559
0.0227105848741181,0.0562724656356338,-0.0194435589895372
-0.0213769860629408,0.0363132383840531,0.0236095045988853
-0.0582101955824005,0.0217986463457057,0.0323934311906903
0.000707273871361064,-0.0167767630922462,0.00960630803771634
0.0304700810946403,0.0307022117626524,-0.0261211990955286
0.0191920083174563,0.010974310795257,-0.021068310741318
0.0108847583482568,0.023673387360675,-0.025048184171102
-0.0345549309486385,-0.00910095548768536,0.00885389202416398
0.00786060438136293,0.0349843961125573,-0.0836242900643039
0.00427274090849222,-0.0547694836526234,0.0293886718815376
0.0207200622518426,0.0459573587824558,0.0108558621806554
-0.00807969953479293,-0.0247561791951085,-0.0272093842178325
0.034886556034657,-0.00596660702658314,0.0470065384267796
-0.0469080651307298,0.00937425293931488,0.0501140100523869
-0.0319109769997527,0.00261797732454853,0.0160848368976127
0.0333126212887705,-0.0299218967395158,-0.0230606178234204
0.0175901252804319,0.0175925785193533,-0.0191393801846397
-0.0629007064110162,-0.0363601948889195,0.0337224596181097
-0.0061058565272798,-0.0092959317080844,0.0352224373340421
0.0023998117721637,0.0366239386772273,-0.0283446386795153
0.00604215990489054,-0.0245268752799395,-0.0177854725820634
0.0694096107065914,-0.0205729597517494,0.0219181252681813
-0.0440854205266124,0.00626476546567356,-0.043258312558296
-0.0525677316020805,-0.0134810494295151,-0.0521106677421199
-0.10120640994019,0.00512418616001093,-0.0034513589914268
-0.00204070019176905,-0.00744599598179624,-0.0133845294416645
-0.0151140977528151,-0.0296115128722297,0.0632845481413379
0.0048337010993188,-0.0118679142470381,-0.0271059883381521
-0.0385272520889564,-0.000593278411102302,0.0109368976623401
0.0369310447908657,0.0200482833714344,0.0190128908346879
-0.0224285815731326,-0.0120938175006183,-0.0303488508064578
0.0326158268427947,0.063510314515864,0.0713258569227023
0.0059730561621153,0.0653245910633233,-0.0406224148292882
-0.00364124184754408,0.0611111241328373,-0.0353855024097524
0.0181719719167942,-0.00460008503446083,-0.00747717138795567
0.0497122974236875,0.0463510917618386,-0.0103671849302882
-0.00313543408007544,-0.00294714946640678,0.0252482725237087
-0.0425782758934519,-0.0360159304101745,-0.0325727321715412
-0.00528643776291321,-0.029465256588933,0.00233296710352321
-0.038490928304275,-0.0170277545675667,-0.065349577013216
-0.0340623718262446,0.00745147303620608,-0.0360059673704048
0.0825557320673015,-0.00760794131358722,-0.0283255249754984
0.0572022569168309,0.0260823640022839,-0.0675216446176139
0.0466849472538718,-0.0311617797905475,-0.0069403064926169
-0.0102336676121965,0.000632655183324282,-0.032160493538854
0.00853643417932182,-0.059443684820736,0.0368788844239903
0.0337487037426399,-0.023081928184675,-0.0669908502086014
0.00549053083889461,-7.3682914482176e-05,-0.00520332195884382
0.0134222479312368,-0.0311288323031536,0.0515084947714544
-0.054877270877247,-0.00657430132192627,-0.0108639022942305
0.000937788390812933,0.0274012338929648,0.0254757940827942
0.0501754446473723,-0.0157386142522872,-0.0256724382068753
0.00239182028498008,-0.0518762447065165,0.0490223443296879
-0.050587863015548,0.0503967424043051,-0.0149979845319128
0.0375667427693877,0.033993254693668,-0.00316954903947425
-0.0157745881983761,-0.0137422287250814,-0.00520992931592398
0.0379092395482239,-0.0543193022177324,-0.00800775742884918
0.0132987307310306,0.0228581604239586,-0.00791191293697534
0.0394445616511265,-0.0410030239925026,-0.00173852491576865
-0.0537107782919317,0.0207371289385005,0.0580223459313306
0.107812940327763,-0.0279963957760304,-0.0052269349547025
-0.0246111859301048,-0.00267483978659822,-0.0559225917894287
0.0285469712751596,0.0556739049525277,0.00523445240027332
-0.0356730201270784,-0.0268014229841724,-0.0118922327048004
0.0688979676037503,-0.0446892329337738,0.0432094304874648
0.0164181914493381,-0.0100072812979449,0.0212372175097607
-0.0427307456416042,-0.0384887352335349,0.0358818975844905
-0.0607817622007251,-0.00204509775782594,-0.00655178402228906
0.0197467690794574,0.0287738976919864,0.0225843143929513
0.0234500619119509,-0.0230553581691251,-0.030374174334109
0.00858754047866794,0.0401705085612329,-0.0107926129561351
0.0199432125990907,0.0201490409432198,0.0288698789351778
-0.000210032512995895,-0.0265877483005033,0.0100646904580077
-0.00691354742152805,-0.00902599809811155,-0.0017513785059803
-0.00230991243333512,-0.0229969539594862,-0.0275576219277374
-0.0296420319149295,-0.0383568956255322,0.00415313502566694
-0.00245323093141752,-0.025693845196273,-0.00620986642049526
-0.122776099175415,-0.0170912885970433,-0.0243437152731337
0.0197399252975597,-0.0125386717148593,0.0307518260350405
-0.0484629056916841,0.030496975592282,-0.0178423872103944
0.00966036327136932,-0.0115358292890776,-0.00619369107656644
0.0311876803012279,-0.0126756501102363,-0.0333722071712912
-0.0215111013789368,-0.0053586028597663,-0.00122417281570643
0.039631905955398,-0.076733129346867,-0.0199162768706883
-0.0167337330762174,-0.0323385086193552,0.0320449047354503
0.0287113975721768,0.0289772180406968,0.0132851249174721
0.0211573780207732,-0.0112844168414785,0.0606370668191894
-0.0711010388843291,0.0969076470150134,-0.0125329236582604
0.00538387364032822,-0.0108271436348807,0.085419936276523
-0.0651622611956301,0.0133894073323861,-0.104952622294068
0.0514241681618923,0.0149213649522372,0.0311406687854984
0.0306348395084869,-0.00860910724145536,-0.0401230758386253
0.0043775184515884,0.0218433798965376,0.00743901978602036
-0.000233802758274095,0.0256685812732154,-0.019038794335712
0.00240599531962515,0.00707846692854311,0.0768303325491045
-0.00660786042361661,-0.00809212164809781,0.0374414997111592
-0.0236417648860646,-0.0447006819143998,-0.00667249529370084
0.0336268570485455,0.0426882557108142,0.0155526425697986
0.0142205348354476,-0.0182108342668877,0.0327956408023719
-0.00819528721349028,-0.00112782773690307,-0.0485736298260576
-0.0213491862896817,-0.00341821194866787,0.0595408299330697
-0.00349267271688791,0.0360945124504397,0.0479030947230106
-0.00307377471282205,-0.0075596848201982,-0.0297697535121033
0.0800299578500557,-0.0264240216560013,-0.136643853918603
0.0125655994980174,0.0133332276694851,0.0520512959167261
0.0300416409224647,0.0180496771254229,0.0076586789251939
-0.00249582836414175,0.00279936214916476,-0.00244817401230174
-0.00215632555950696,-0.00626563787630655,0.0777362391986711
-0.0340996270590622,-0.0500633065618545,0.0342443935699731
-0.0515607236713052,-0.00204794664165276,-0.00116525754360881
-0.0347886536522967,-0.0342894522285823,0.0301490743155963
0.0217556170237288,-0.0229250558432894,0.0179977213858622
-0.00471449386461559,-0.00272052685266289,0.0546391715296005
-0.0811522681591206,0.0456774927324495,0.0182148439299553
0.0137486477961309,-0.0403342760327733,-0.0339461460703472
0.0189379162767418,0.034662109960602,0.00365842548780593
0.0305662556408811,-0.00564940905020295,-0.0157540863600116
0.0318721076530604,-0.0888287140548001,0.0118303868402038
-0.0139488552153311,-0.0810335586502402,0.00154055315084447
-0.0704328093209916,-0.0205430352051551,0.00466698803094368
-0.0854377175728323,0.0265741568610385,-0.0393166938952385
-0.0269665682764344,0.000725776729191052,0.0126331020806014
-0.000996134278827498,0.00930330884005681,0.0161026869609048
0.0370943288310687,0.0668982100547192,0.0121352658246311
-0.00146459037535102,-0.0400468986596788,0.0211645737901225
0.0127668272900335,0.0226947430625658,0.0129084678034515
-0.00803869797212775,-0.00536858599957404,0.000917572348589274
0.0067998417267755,-0.0446815306329774,-0.00543989682008831
0.00779295091880217,-0.020719089372326,-0.0502821017514961
-0.0650750907101939,0.0158466354214275,0.0681626340904077
0.0259021774548072,0.0214188742208296,-0.00185048314154557
-0.0343878425792729,-0.0440526472631532,0.0293895733363558
0.0753540110347166,0.019027182235903,-0.00558523845553811
-0.0351715469114371,0.0270126150048005,-0.0114901412814297
-0.0422476972787152,-0.00589626107965904,0.0032195501403871
0.005567792890203,0.000497954245724533,0.0335492136146446
-0.0230723410004376,-0.00467701759469075,0.00689141562683504
-0.0345303272856816,0.00208527799977076,0.00138673851528559
0.00820055607404169,0.034966698236549,-0.0446219402201364
0.0228289237541237,0.0309101908770768,0.0359489503144569
0.0406736298147731,-0.000472944239894288,-0.0121635677513078
-0.0143767748291764,0.0607946201245678,-0.00733768905846666
0.0374882906861862,-0.0316822889727629,0.0203651314328309
0.00200973987109365,0.0271590321667871,-0.026256202915591
0.0504306862092189,0.018848943030421,0.0113935596927259
0.0177778787410245,0.0694747930010835,-0.0192818338808073
0.0045952675730925,-0.0339167246599941,0.00389324046861194
0.0173409813517478,0.0261130693612865,0.0133174083386702
-0.00451364416878064,0.035908718738192,-0.0440894455460342
-0.0231080554102281,-0.0363336472321307,-0.00154421207776656
-0.00725088794275597,-0.0011625528592018,0.024355978297642
0.0152103766975686,-0.0510918595727928,0.00239688953608463
0.0130969897379776,-0.000767527819130809,0.0541855841410028
0.0290911668640473,0.00847937982751279,0.000862679233270196
0.0409976300667132,-0.0302853959341625,-0.0241004630085884
0.00488786236386377,-0.0145564177517419,0.051230874153789
-0.0124607095484445,-0.0324345045034284,0.00607287657237698
-0.0043622228170524,-0.00500454549519147,-0.054200389198316
-0.000819932627064101,-0.00594266244452624,0.00265442743800512
0.00146594722271956,-0.0330533604925555,-0.00684588781025131
0.0127573062185502,0.0150234756805328,-0.010977915809034
0.0272913686693568,0.00684364050651887,0.0131474888319303
-0.0319324850543701,-0.0257110312147695,-0.00299298613741765
-0.000663245361680243,0.020283899437067,0.0151202215328081
0.0308464744536143,0.0161010614659979,0.0326785937633804
-0.00895616433207319,-0.0627554026269747,0.0108938688041374
-0.0103076571590238,0.0189170729276268,-0.0568154554748344
-0.0251600584188589,0.00926077783935442,0.0170165247532267
0.0551312538540276,0.0176057197075184,0.00688831529921397
-0.0133457687208014,0.0248051416305183,-0.0425222943998796
0.00453217733463962,-0.0283060719347776,0.0138978449950538
-0.0166098729331169,-0.0635461956339159,0.0327182387975292
0.0591115660727611,-0.00791959756734117,0.0299572664489874
-0.00584580361143738,0.0479861437107003,0.031084638921245
0.00333978477960117,-0.00264449912396902,-0.00415901471092966
-0.0265695336389834,-0.0645850240890528,-0.00713901939566997
0.0307516677331455,0.0157777063110658,-0.0124085056471568
0.0109614246385417,0.051448418029393,-0.00401259355935657
0.025479238284258,0.0359020541878686,-0.0106160514722263
-0.0152176053437104,0.0304915227890881,0.0305426076002504
-0.0587232860959473,0.0460651596630387,-0.0417831928077326
0.0389359516934878,0.0221443615088398,0.0404938621765238
-0.0183972350372063,0.00144891493186294,0.036949970861563
-0.00232389731620997,0.0609500401433516,-0.0592138542559468
-0.0530760893442171,-0.00241692514602083,0.0185259327568343
0.0424716261259228,0.0117082550447904,0.0237449904609894
-0.00524357570950423,0.0141807248821498,0.00159674974899729
0.0550960293416016,-0.0395366607773584,0.0312367399554968
0.0146145213114808,0.0032366077221996,0.0725208994021583
0.00858715300535778,-0.0447135933067405,0.018731513134858
-0.00129618386774255,-0.0609197200259967,-0.0138565952197711
-0.0196061869901764,-0.0356690930573131,0.0323090333597381
0.00339600951945918,-0.0468556513108776,0.0327275077788849
-0.0364547194310985,0.0141268550457667,-0.0272565113397087
0.0236031059967615,-0.00408667035197802,0.017686286214153
-0.0363872374824024,0.00919526222592904,0.00606981858641364
-0.0144557166436981,-0.00300095014297021,-0.00399032465933968
0.00329645476872964,-0.0307804030890567,-0.0809696759541324
-0.0791473488594898,-0.07560811942242,0.00306803236074349
-0.0169616831913096,-0.00688809867685042,0.00503105983953211
0.0476926740980159,-0.0186493624645377,-0.0223299688265228
-0.0383777460908997,-0.0602651701987353,-0.0235008948407609
-0.0408912111834143,0.0435328783415407,0.00913855455516124
-0.0304082195686429,0.0602522752861642,-0.0209127177976649
0.0175124589688723,-0.00794715727122148,0.00191674993547908
-0.00238308884100444,-0.0532444679156822,0.0489358656632697
-0.0469657193346984,0.0644181393594007,-0.0139056995216547
-0.0347969876925755,-0.0186090962913331,0.023145179174118
0.000371509798325009,0.00840396339712945,0.00361036376517724
-0.0206052265816594,0.0310214723116778,-0.0238070974555454
0.0117878604591927,-0.059237085252396,0.000169375423733964
0.00241520233480419,0.00383047311634004,-0.0133577116710155
0.00523837232108981,-0.0406575228561765,0.0141223779456791
0.00662034813040119,0.0545815526108183,-0.0245624290661933
0.0250751250638299,0.0111961555146018,-0.0374035856075825
0.0108232405567638,0.0140107323739574,0.0561671427407997
-0.0159357131033595,0.0211004282523402,0.0150064297863688
0.0453641621017818,0.0111265566060892,-0.0102388860096974
0.123913197197316,0.0204187634643153,-0.000515666209476295
0.0250104988872875,-0.00576389438080538,0.0482804904869801
8.41927177086532e-05,-0.00976327686911072,0.0131004666198334
-0.0267394037725974,0.0528158328571833,-0.00428290421655408
-0.101250235816329,0.0438813230720466,-0.0231610904223971
-0.00843161300762696,0.00916083341289553,0.0136746732937154
-0.0296513693878049,-0.103877887790472,-0.0026177485921841
0.00722627148685673,-0.00192944151500138,0.00399064919252679
-0.000507323930129644,0.0226638315127617,0.0130968637660217
0.0149866588864589,-0.00739613229708158,0.0353328880621811
0.0706620689556199,0.0166428906260934,0.0730546845193629
0.000901761844946811,0.0678161429722299,-0.00627262349426411
0.0153195493897482,0.00295417081296223,-0.0211473321956518
0.0136683824564803,-0.0409752085425544,0.00546368824745669
0.027997926425925,-0.0118086915762333,0.00660939120247594
0.0247427205484355,-0.00104178060206341,-0.00906003404531493
0.0157644266164235,-0.0279806225140147,0.00795182133955014
0.0225039460976805,-0.00167871659015925,-9.48050340702222e-05
-0.0257730318735025,0.0062918546008793,-0.0231659128979741
-0.0176149705738644,0.000166908607226568,-0.010195123874964
0.0269325981006796,0.0174294313714234,0.0041639929249753
-0.0274714605411908,-0.00331669882431594,-0.0200621706935989
0.0214174093722302,0.026957274318081,-0.00919478500521231
-0.0195046935018891,0.0133133877301282,0.00515980452850029
0.00126928948999405,-0.0012217042849183,0.0273584913240315
-0.0511086499423608,-0.00513576601688448,0.0541771115757228
0.0446972659525692,-0.0444639115586632,0.00114031436274859
0.0160959886419077,0.00849218630288184,-0.0540225002295727
-0.00714430096737406,0.0492231288567059,-0.098806822692461
0.0263860595431059,-0.0521656060208632,0.0297266069265645
-0.0234740108480991,-0.00977512533208746,-0.0243933862702996
-0.027299380382502,0.0192158193043159,0.00330602853836826
0.0116987758647015,0.0160154792623636,-0.0501819347193743
0.00104870280624441,-0.00589785167488107,0.0232697579302715
-0.0105684444241961,-0.0409348501403099,-0.017206316794809
-0.00316864294060404,0.016623651674685,-0.0124030257486668
0.0103329152461012,-0.0299408720799377,0.0503025864503631
-0.00317513052761487,-0.0376698813856863,-0.00302077458554512
0.0259980845774292,0.00113066787996863,-0.0309607457854043
0.0354761371786131,0.021421340555054,-0.0153105622338777
0.0527253947757873,-0.00943228655675765,0.0296717228528828
0.00586740044908885,-0.0792472038678589,0.00131742735846743
0.00495967769372163,-0.00953107026076738,0.00326147439250246
-0.0209229979281532,0.00153473236942536,-0.00388686038405541
0.000692565701394768,0.0209192352423101,0.0364759176445411
-0.0682174118778184,0.0367139511072431,0.0762519318498019
-0.0399150259852363,0.00604274941114604,-0.0751688388497952
9.18610776790775e-05,-0.061986847497495,-0.00290634653978733
-0.0064203532759258,0.00452688458172368,-0.00982759948470097
-0.0649358595879798,0.0574584181965608,-0.00582703590253342
-0.0218167511051859,0.0115192413737385,-0.0122394927604274
-0.0148524715653849,0.00354159841608617,0.0342149141473084
-0.00191965839712425,-0.027695389759461,-0.0374531793566576
-0.0422994753946208,-0.0849151351564534,-0.0188916298993271
0.00907324599243076,0.00203262881837157,-0.0624953198860411
0.00351642090600923,0.0110836191485599,0.0136371502250227
-0.00286719524155299,0.0187821856810801,-0.0224143395417148
-0.0613500933101927,0.0280714177594527,-0.00823475698466403
-0.0748027072659235,0.00150529610737626,-0.0647160819464073
-0.0185588207828522,-0.0168660961026598,0.0592202509464351
0.00192428079097207,0.00846375403766797,-0.00244888672753507
-0.00131053213692234,0.00573465372952053,-0.00516077985068975
0.0204600427257701,0.00595130866147547,-0.00699723801854513
-0.0177731948340664,0.0125277620681879,0.0073791888744475
-0.0349480093637786,0.0696893228562275,0.0516167209647071
0.062406421162109,-0.0628932021952279,0.0355536282176363
0.0143461391000904,-0.0419434858848933,-0.015995560169808
-0.0137680576163457,0.0289785753344253,0.0093611626219019
0.0121044009697757,0.0212059650781735,-0.0217045466065021
-0.0741943348439444,-0.0318947243719988,0.024896021893169
-0.0121298744349053,0.00807164647954089,-0.0557877644293304
0.0286980768066895,0.0158793418511473,0.0245734691609252
0.0429573460791138,-0.0105015050678373,0.00238116277162911
-0.0144330461746707,0.0109442116847809,-0.0202560542017525
0.0101211126850672,0.0224247799125639,0.0187447073299432
0.031930592335989,0.00584289669890337,-0.0184142612519737
-0.00762615340531186,-0.026811270136406,0.0440540751269173
-0.00879107752518274,-0.0344438908907549,-0.0855549433301316
0.0215554990304572,-0.00249227543449022,-0.00476511161903592
-0.017254507262255,-0.0375403854484999,0.0226033843420545
0.00450908638269831,-0.000707116125733577,-0.038266096126312
0.0229699543084796,0.00436605069175625,0.000277655058146919
-0.0902505779155162,0.0278988054297687,-0.0197512382045607
0.00242596586624384,0.0497016978984331,0.0270608631851828
0.0454207987823747,0.0193667771110957,-0.0511115966226682
0.0330684295706904,-0.0664962809502754,-0.0119976011404342
0.0448135982600718,-0.0143846022092801,-0.000240363855095516
0.0211437799409072,-0.000983495267668055,-0.00157289272710881
0.00454264657377457,-0.0196169829157543,0.00928774445936309
-0.00436230251890751,0.00105720223627292,0.0591355049462091
-0.035224847961783,-0.000979220802731495,0.00165469195522003
0.000204946894929024,-0.013497938503056,0.00527908765481833
-0.00281092177816078,-0.0140165236041896,-0.000396944181696002
0.0253760094890464,-0.00699186237640426,-0.0391103458062101
0.00132691686969555,-0.0271633833554079,0.0420290703183873
-0.0235405525664879,-0.030698788078756,-0.017670169204122
0.0627548131245957,0.00235516008056863,-0.0275290992583061
-0.0114083733949867,-0.0883916179505718,0.00134648408096506
-0.016088141444681,-0.00218124225301017,-0.0395869386233083
-0.00389975958797212,-0.0127670777032666,0.00241286467371682
-0.0378654363499172,0.061831260553733,-0.0236788923120889
0.00370841335264647,0.0363344765562676,-0.0207102416103421
0.0437813755934028,0.00117485612703205,0.000181268416685865
0.039589879823907,0.0156403959627697,-0.0408678946089605
0.0161207255346308,0.000642496613709187,-0.014802858699648
0.00593366096353773,-0.014582597560131,0.0137771604720215
-0.00124245587676586,-0.00211826274481248,-0.0033419430462196
-0.005881220430339,0.110197488228711,-0.00173186900206381
0.0131500881377425,0.000213388339018988,-0.00755083047332331
0.0915418269162188,0.000480430165733736,0.00274703316492998
-0.0089563423238046,0.038620171141685,0.00342677183987959
0.000829291571530333,0.00782036354559523,-0.00313944124635544
-0.0312064173720689,-0.00543858159575716,-0.0585128202429619
0.00664886854299718,0.0265573595797339,-0.116246619163873
-0.0179420774653726,0.0255839261077885,0.0509673512451363
-0.0111892864518792,0.0136972895178288,-0.0227706686430509
-0.0440720695567103,0.00403935975766884,-0.0191572162252028
0.00375586083454282,0.00183645975241498,0.057464203878876
-0.0129594319841335,0.00015354212855398,-0.036420672246322
-0.0246721643376938,0.0277246529217795,-0.00341524655091924
-0.0179024860711068,0.0292106235943025,-0.0766273789221183
0.103616372472015,0.0720975247530336,-0.00892602516154151
-0.00328179399053063,0.000384928332697654,0.00540989902228211
0.00937839921713254,0.0253880451568986,-0.0229319228969634
0.00563508616844599,-4.00846627333952e-05,0.0377395908956656
0.0276598853763367,-0.00498612831006839,-0.0156384996711414
0.0363852043666183,-0.0461478941988344,-0.0119995825506687
0.0256476549124229,0.0111480606339448,-0.00818684630454014
0.0209637983852101,-0.0509838750134874,0.000356457062173736
-0.0126946533704342,-0.0210134715540482,-0.0605666996407354
-0.0126463127098186,-0.0616107100639006,0.0265825604751131
0.054620459218506,0.0585655751564611,0.0443333253174267
-0.00721267393544356,0.00446969740377556,-0.00131981195924993
0.000598617378907956,-0.0895902223211718,-0.0359881913747477
-0.00892456166556976,-0.0144760350623996,0.030927740035578
-0.00471188459607508,-0.0137733857933257,-0.0395287388706062
0.0842046487430415,0.117514960396951,-0.00482379630450291
0.0425773621859175,0.0333124364998452,-0.075024939198358
-0.0108367556570679,0.0948491593709378,0.0335118952294199
-0.0330960773808536,-0.0147322680963778,0.0200289554441082
0.000570440652847837,0.0224908315247341,-0.00148759327255026
-0.0587606145410005,0.0153680833268994,0.0208140229376881
-0.00158954943454426,-0.0506564232714315,-0.00356242183656375
0.0158511763791374,0.0525673826002526,0.0183986894594203
-0.0342151797972714,0.00804892885715169,0.0187099240593519
0.0362520763652124,-0.0055952938632991,-0.00145118080537843
0.0250519271861752,-0.0786858391601398,0.0196080262193549
0.0429308418407931,-0.0231472614424209,-0.0360829402226185
0.00959096278690813,0.0320697542111561,-0.0178592440857098
-0.000346583884657425,-0.0233611833177156,0.0337240680365018
-0.00450136786595323,-0.0600732108923633,-0.0082331340667432
0.00949440233045362,0.0143641880701393,-0.0399964332357664
-0.00365493072304268,0.0134563048076543,-0.00804673401720724
0.0528697494047173,0.0201577335719849,0.046577578228949
0.0175657624950166,0.0163838315184754,0.0143968021071851
0.0686692094083065,-0.0313169355596832,-0.0582250481527065
-0.0617331685528516,-0.0175531112544716,0.0812773773083452
-0.000706657387267828,0.0517985143621595,0.0192314887169349
-0.0743482958328394,0.00320501183195609,0.0311489129151672
0.052708659161143,-0.0542646072801841,0.0134810881970641
-0.00905989675336361,-0.00868006205675731,0.00631180821009814
-0.00632320275141307,-0.00560172230803702,-0.0315007656646554
-0.0206401771068739,-0.0620188539509913,-0.0072268067270341
0.00277866836614871,-0.00998698720042424,0.00238714183540167
0.051007548854589,-0.0380201619152139,0.0191144988340967
0.0287189979468956,0.0145636301011335,-0.0433767954741786
0.0164824402244993,-6.740978087735e-05,0.00015699745480191
0.031727245695607,-0.00915159571511737,0.00713137458696941
0.00382041638997291,-0.0295912247081401,-0.00816505110884636
-0.0098559892836602,-0.0582898055784167,-0.0931064698629354
0.0684162761552021,-0.0142713832324951,-0.0460308516017055
0.112823078367694,0.0106410610515685,0.0105259353669445
0.00382552813028308,-0.138674880271874,0.014459765654233
-0.0596906558916923,-0.037287768163093,-0.0300206366953173
-0.0242395728913238,-0.0720607610900422,-0.000822785658346703
-0.0135631665856725,0.0992943290696213,0.00542343715978155
0.0339763690622024,0.00514055569294752,-0.0148177705392616
0.0029475182552851,0.00960977612227745,-0.010022708011763
0.0069971109906507,0.0174065428845562,0.0054826952998307
0.0078136655506833,-0.00434439838197198,0.0228375903867742
-0.0188011951935775,-0.0420586351492805,0.0260730237171001
-0.00558161648675004,-0.00555053844555389,-0.0378865997034769
-0.0270758162478691,-0.0139875738881552,-0.0168639185874957
0.0269461812308426,-0.0180675557985493,0.00153226213823698
-0.0424792109843165,0.0042277039439679,0.0380653134430089
0.017712156586548,0.0914982550569281,-0.0254489498915064
0.0203166889811456,0.0545478704599771,0.0994208367465331
0.00915933056466023,0.0124896556440688,-0.0179226354809477
-0.0171520406766756,-0.020141622168405,-0.0442339195425694
-0.0171292909999947,-0.00174273179665219,-0.00894894088939541
-0.0119421560063189,-0.000848695842078584,0.0383678715300537
-0.0448475273569681,-0.00496731222592406,0.046850861829994
0.0121451958217847,-0.0031742549201309,0.0205257336438126
-0.0254287821348291,0.0233675592903933,0.0418084635523355
-0.101462217071714,0.0203217081198367,0.00135823717701933
-0.00191260895524037,0.0700803172369587,0.00047754651719023
0.0226627598894752,-0.0240361760840523,-0.0796239414464128
0.00832731994892105,0.00144647306123225,0.00693369260237342
0.00475305919780933,0.0113716300626072,0.0135102986992826
-0.0324786487931167,0.0146716298261005,0.0180192753983289
0.00315828437292343,-0.0120658883171771,-0.000463498908949904
0.00163641159042432,-0.0608001431767882,-0.00369561744892621
0.0817931943237338,0.0142288856847659,0.0158693907469315
-0.0444814196092944,-0.0133338648113696,-0.0625034545508417
-0.0206107860953773,-0.00112407040426373,-0.041765467708816
-0.048654797412344,0.0315255854281712,-0.00443927195323957
-0.0299912284567992,-0.0246324871038532,-0.00248250535161654
-0.00461666468595701,0.0202440192150607,-0.0164535456474379
0.0338923978083429,0.0157999544377604,0.00556457385140507
-0.0395431488402226,0.0246177368724199,0.0353920963712762
0.0431032792207183,-0.0268604449484807,-0.00489977751003989
-0.0353000005929197,0.0327827981327899,0.0122529926241666
0.0278599093689795,-0.0296390346571841,-0.02361555798329
0.000301760482057878,0.0219301099183673,0.00571708747718436
-0.00763151194769512,0.035857399578043,-0.0131098810743298
-0.00197821646287277,-0.0893209484505939,-0.0326494468202737
0.00339381978502362,0.0283455847199842,-0.0207753360131663
0.0130030104237773,0.00469019117339903,-0.0110270188788191
0.00531533522901761,-0.00499412320494774,-0.00391885861808411
0.000637409735321904,-0.0206662617611238,0.00909839991037248
0.0315603548298801,-0.00441768444140778,-0.0499109529849591
-0.0162004579286461,0.00413860021612789,-0.0293896415743008
0.0659673936943624,0.00116863039826876,0.0141594393957415
-0.0255114694033556,-0.0367287698449031,-0.0155974568138131
-0.0223821108070523,2.51556364731891e-05,0.0110033853267368
-0.0214011691272096,-0.00402786011113264,0.0291414070964613
-0.0967227510851488,-0.0146703241317115,-0.0236782416985786
0.0154593951125052,-0.0115386710573357,-0.0131085885838685
-0.0270334451631583,-0.0108069718755265,-0.00205936774976273
-0.0272540083358502,0.0793728425098417,0.0198361785937906
0.00609006241253351,0.0315793458940208,0.0342620031660679
-0.0073277147122276,0.00720983688485233,0.0272423580273292
-0.0377336546732757,-0.0046303816615102,-0.00731346642194308
-0.00440111595331216,0.0161455870586797,0.0227393596158951
0.034494700507408,-0.019290058584329,-0.0145857415492621
-0.038079761139044,-0.0399120365478789,0.0341491290687778
-0.0212180785732162,-0.0120661990999984,0.0516774676913603
-0.00216360184402911,-0.0479064416879085,-0.0703069119225015
-0.0164858667700911,0.0100563904513173,-0.0380131403112356
-0.0405291345270881,-0.00420608547147339,0.028554465785074
0.0158910031872634,-0.079435202207889,-0.0291637471825558
0.04537713874636,-0.0151344205183367,0.00328782010631212
-0.03438913135677,0.0213576252937833,-0.00907263147862725
0.00919599117084824,-0.0170172738126708,-0.0249885202351801
0.0578322309144029,0.00135716290194232,0.000709167472094374
0.0232454183580568,0.000397902878389922,0.0156633626739969
-0.0737151444965481,-0.0134876262444083,0.0747971826399431
0.050632856730969,-0.106749385153361,-0.0245066925866166
-0.0953658134470051,-0.00266766875930535,0.0123089308516694
-0.00124874142742626,0.0421036099089165,-0.0221102325587531
-0.0277605672083531,-0.0478259391909377,-0.062352984541077
-0.0301291477565069,-0.00189014972350804,0.0325416261855799
-0.0217778296391853,-0.000249915772487208,0.0314514139700672
-0.0173461551132083,-0.0265590774007718,0.0112496367458345
-0.0676137945804132,-0.0197778748853065,-0.0119632531322855
-0.0196056429618535,0.0114819516916472,0.00196416940286645
0.0128508793613283,-0.02082717532272,0.0954839325599711
-0.00729182555366936,-0.0052798693900129,-0.0190627560238819
-0.00564780715147846,-0.00120420559323636,-0.0472363996768984
-0.00875133499309799,-0.00467645212074641,0.0238271949001707
-0.0139995288361074,-0.0130098194576546,-0.0256196972136551
-0.0673871383640102,0.0105628125323513,0.0445223553581555
-0.0666059571444197,0.000213641959147332,-0.0510687531522568
0.016042972602731,-0.0362664429253252,0.0152874042199245
0.00298105380932956,0.0291813310473137,0.0455483696933307
-0.00072365686814152,-0.00966184052567709,-0.0235059973082947
0.0201180227195705,-0.0352162923947833,0.0061746030117189
-0.0244768169772829,-0.000683641987379691,0.0733736521068531
0.0143721765070164,0.00942712227086118,0.00221801325070015
-0.0279236141336793,0.0439571315090749,-0.00378706832798191
0.0305767802498859,-0.00732529115470859,0.0230536202454071
-0.0331036429255913,-0.00135991353064777,0.00751055650867541
0.00437373363314864,-0.0213067145876809,-0.0113558530321472
-0.00161854795684602,0.0194813026853563,-0.0110062647540935
-0.00747693922223619,-0.0055901889954222,-0.0666480503086031
-0.0684329342024269,0.0207208059867774,0.0366323018769965
-0.012026176495387,-0.0550419377790449,-0.116685475629654
0.00445810797491053,0.0167794295986214,-0.0130616123479346
0.00845801229988719,0.0369963630346834,0.00767867229651381
-0.0680484814910234,0.0102663726933453,0.0122670305292432
0.0474353555501759,-0.0148776357521109,-0.0100755267104995
0.0601124959263017,-0.0799078147078954,0.0226756567113024
0.0428111062395042,0.00273600895994608,0.0098131201794398
-0.0129840543473049,-0.0152498895062001,0.0140856401625027
0.00486309005350616,-0.0451951281670378,0.0424719424851347
0.0460438126386614,0.0439251579395366,-0.00573897953759372
-0.0232875116723426,-0.0173053784205709,0.00944917371869902
0.037595212247632,0.0196253450529442,-0.00231354644172799
0.0541389182457566,0.0186003877409861,0.0509644267780663
-0.00214106489779609,0.00959344913734861,0.00917474556159203
-0.0536010986139007,0.0181418194840601,0.011078249550039
