"","const x const","const x linear","const x walk","linear x const","linear x linear","linear x walk","walk x const","walk x linear","walk x walk"
"1",-0.0403875488846335,-0.038727153664383,-0.0360966460886725,0.00156354818064075,-0.0022069306350499,0.00464973389485734,0.00483832995953293,0.00495513818145221,0.000864147264580062
"2",-0.00704150572202467,-0.00276864360832846,-0.00239153984138879,0.0400271322561791,0.0439188073060617,0.0424976960200149,-0.046446613222369,-0.0492530816026465,-0.0434853027107837
"3",0.0370168685426702,0.0344520962037416,0.0364416309657226,-0.019966379170434,-0.0169181660640151,-0.0195229475335923,-0.00945598340146464,-0.0141893419564464,-0.0111385415221608
"4",-0.0248334183574488,-0.0282244558290451,-0.0322531109844687,-0.0012044375775257,-0.000421276431597783,0.00401103356716515,0.017175135186836,0.010480743685184,0.00839738590929429
"5",-0.00966643392014838,-0.00547213216619574,-0.00989379982342131,-0.0660051841587556,-0.0673185981815374,-0.0690383094411535,0.0654704827817807,0.0701562176982893,0.0647858312436235
"6",-0.0375723488584802,-0.0404697470569625,-0.0384151778618939,-0.0304910639187221,-0.03430498413587,-0.0258985483695328,0.0451913406380577,0.0497668838844549,0.047557835288037
"7",0.0282906212239901,0.0265007597567823,0.0274926228692216,-0.0795316178880056,-0.0873160568572755,-0.0784507808191883,-0.0315717905904574,-0.028106098038373,-0.0299212899000014
"8",0.00147649408111383,0.00130600738178976,-0.00116930176031427,0.0319810642937971,0.0296045115383635,0.0319856896109906,0.0383163767907484,0.0337499337723242,0.029996612403636
"9",0.0014720600386085,-0.00171138637092849,-0.00268273738585773,-0.0675140812336983,-0.0664674421319323,-0.0663153641827714,-0.0268700393545602,-0.0306382749769578,-0.0323550004485789
"10",-0.0174752843512331,-0.0144587237535913,-0.0150417195901178,-0.0326795388921881,-0.0309416555216698,-0.0303351857574254,0.0196757622191369,0.0209135898931266,0.016439934901324
"11",-0.0126430217255511,-0.00822158749504664,-0.0122690326522601,-0.00483314967627124,-0.010651144249689,-0.00506182078847828,-0.00650116951026636,-0.00405306738894329,-0.00616492502439503
"12",-0.0154773199188398,-0.016176513169302,-0.0177986534236383,-0.0767858102277985,-0.0727931194361873,-0.0754328452114927,-0.0323014364561401,-0.0276462244953499,-0.0321506075505529
"13",0.0242725779146188,0.0259993764276562,0.0241314915615469,-0.0208087358702668,-0.023865774343066,-0.0205375932169981,0.00137110046154743,-0.0072209059875864,-0.00503655633386979
"14",0.022196728027252,0.0253724752799662,0.0260704380069301,0.00602828802866417,0.00479342116949899,0.00677417837266725,0.0359114425960349,0.0328730075198118,0.0362733149992632
"15",0.0506635430205079,0.0515303628611167,0.0508215157421157,0.0734557487877019,0.0775950264025717,0.0727035784214237,0.0285023729744789,0.0291925411280457,0.0285938525147988
"16",0.0408504646420511,0.0365824824895111,0.0386093933170227,0.0012092325789903,0.000173455593860949,0.00209789328607457,-0.00104074269215237,-0.000294699684863731,-0.0014424755984877
"17",-0.0646341674426713,-0.0655949951913601,-0.0637808477433894,0.000324020729035035,0.00368182273825199,0.00874550448310144,-0.0650598336176494,-0.0652868074988953,-0.0597295300773975
"18",0.0243757386935193,0.0235864880631456,0.0273702908640187,-0.0265682445859057,-0.022454570553173,-0.0255205263039731,0.05129283424895,0.0530687607041658,0.0546265091306114
"19",-0.0177009940352819,-0.0154678275221325,-0.0149932548753509,-0.00228769241946158,-0.00139110103687029,-0.00501225718547771,-0.177013216296292,-0.186462184522959,-0.185904720647494
"20",-0.0287170705861898,-0.030702723284562,-0.0327139197199585,0.0238219723551211,0.0225008291637419,0.0254261403669274,-0.00312670817671301,-0.00563114192139513,-0.00257653435889754
"21",-0.0585834205373851,-0.0644148472285609,-0.0590382893165599,0.0685868436813485,0.0672917849846493,0.0686124070774852,0.028814683066968,0.0265071422257733,0.0297975377360256
"22",-0.0111578083309437,-0.0134558120235045,-0.00902240367468748,-0.0039293926451236,-0.00322862089892406,-0.00572758299423759,-0.0464214065889569,-0.0513192940682133,-0.0459147065781627
"23",0.0783144919012129,0.0732294984419845,0.0721020122789692,-0.00693944470117219,-0.00685580194936253,-0.00745034814369816,-0.0583196983618103,-0.0579865415110318,-0.0563882632275259
"24",-0.0367411690800026,-0.0339470887100948,-0.0380063724328319,0.0455684583951329,0.0431581707399655,0.0408835577981415,-0.0222012953864979,-0.020277464222854,-0.019985534275366
"25",0.0549650927856988,0.0560018076187018,0.0550222964232346,0.00171265664089226,0.00279602811775476,0.000859531472006014,0.0170834827138133,0.0153105070551188,0.019409359587107
"26",-0.106126488409984,-0.107954133455994,-0.107762083696035,-0.0282511891937212,-0.0273477933917955,-0.0256503272359052,0.00237262848687936,0.00444557412819441,0.00360786118424422
"27",-0.00559917256610609,-0.00659633152031741,-0.00587940054198982,-0.00460442916486214,-0.0060667252738974,-0.00233959405835904,0.0140911258722659,0.0151753957612563,0.0134582582163038
"28",-0.00923341254484367,-0.00785154823959144,-0.00559580429131235,-0.0201085892002701,-0.0167547728187781,-0.0198044946293924,-0.0575105094512841,-0.0616224358493678,-0.0593222317747284
"29",0.0689595886519451,0.0715390493337782,0.07216388154597,-0.00827147245533927,-0.00966852638203464,-0.0112272303822257,0.010150430704869,0.0124012278878601,0.0110878564592118
"30",0.00205696678889034,0.00306171700951341,-0.00119783278896923,-0.0120034774765996,-0.0157750757907568,-0.01098390562339,0.00792367979144337,0.00923162110782472,0.0109701724287888
"31",-0.0636311648452001,-0.0598336443896439,-0.0557228475296911,-0.00925503980759157,-0.00617707056239358,-0.0101034659661043,0.0194608210494631,0.0222140671467196,0.0188257936568701
"32",0.0117853250027287,0.00774676670526075,0.0135306945890333,0.0139305073753347,0.0172105873142059,0.0116756063580032,-0.0659314565291692,-0.0728957912064053,-0.0679063339791975
"33",-0.039666857431996,-0.0406910113449258,-0.0366457958856988,0.0411786552387082,0.0428121480062642,0.0397648277639557,0.0148508799554762,0.0180766468908822,0.0179837790938256
"34",-0.0118354095008314,-0.012534387495629,-0.00892335721504278,-0.0477057676923222,-0.0471367205012744,-0.0488177950856708,-0.0358871966891809,-0.0375074246732824,-0.0341805526573061
"35",0.07413445920244,0.0701015798997939,0.0711730242157792,-0.0063777078769304,-0.00575753426877115,-0.00463516918027232,0.0455575931840231,0.043909971804208,0.0406843042794965
"36",-0.01258913474667,-0.0137655621669437,-0.0132328004143568,-0.0908235903864504,-0.087867689945154,-0.0919017296092705,-0.00581656011328979,-0.00802294925795488,-0.00910084789073329
"37",0.0565301080221978,0.0593020404334268,0.0567875173647633,0.0030286113146874,-0.00539883994620188,-0.00322990856007266,-0.100261004718942,-0.0961739139540552,-0.0980749139791165
"38",-0.0273662344113333,-0.0266743312807794,-0.0273078605133081,-0.0811092457165153,-0.075294461088467,-0.0770524115838215,0.0539951415868771,0.0505662627744016,0.0493296796955822
"39",0.0128818322186174,0.00976010807954036,0.0120429410561527,0.00365585824079007,0.00554962072890453,-0.000140502699180423,0.00954735483018487,0.0114909005078299,0.0109351864700464
"40",0.0465542436234409,0.0462085235197978,0.0469471533604926,0.0154433942251735,0.0124468814655362,0.0117116588158391,0.0306511747368247,0.0323881004736835,0.0342500281412551
"41",0.0628804618405393,0.0614449902468606,0.0587074634533624,0.00526430417455825,0.0080482369715823,0.00975803518231422,0.000272745290492926,-0.00207090536481391,-0.00301071799828678
"42",-0.0369227030711144,-0.038040287919034,-0.0375330958365677,-0.0271358783424201,-0.029065905431375,-0.0305672535392122,0.00864006805467077,0.00674022918455042,0.00394930098302793
"43",-0.06162852915489,-0.0623599221498173,-0.0602626346711437,0.00103830304164948,0.0020214940137246,0.00315626220141711,-0.0672237741645051,-0.0695020363528827,-0.0683801002990737
"44",-0.0115616960323804,-0.00782203783748955,-0.00753245816733883,-0.0799805902535847,-0.0806177528768456,-0.0777151940109306,0.0151774843334693,0.0173307033117814,0.0168891915948627
"45",0.0467681681569034,0.0471077574389186,0.0506464787475596,-0.141028279126393,-0.135633172415773,-0.137550249250908,0.0783881350898785,0.084106133845113,0.0871730469117053
"46",-0.0256600008484303,-0.0234906137231473,-0.0214503809684804,0.0324215144896208,0.0316518449323357,0.0328049676151028,0.00010372738494363,0.00443036569044319,0.00204811660358617
"47",0.041979377092371,0.0401632225982373,0.0445990852083724,0.0299668384514596,0.0296440285592621,0.0316582767580027,-0.0100286941264943,-0.00989649780132673,-0.0098541332190607
"48",-0.00701847415750967,-0.00617154990584856,-0.00300388327588041,-0.0246057585261272,-0.0217711366514047,-0.0232654565892179,0.00772594253505232,0.00807125561753086,0.00813961406943953
"49",0.0661312040371477,0.0688403758853285,0.0635788752188211,-0.0216988455340557,-0.015347173043523,-0.0175551430869157,0.0527592852227792,0.0573059225394064,0.051696015856625
"50",-0.00397365905975844,0.000413885294441751,-0.00209913906295878,0.0053457786501796,0.00253916167703894,-0.000758797799670141,-0.0163297156913806,-0.0165108795829355,-0.0147523574295029
"51",0.00685402394348011,0.00126323932275596,-0.00278136797556322,0.0127566627904436,0.0142469753846658,0.013398724788303,0.0484716162474236,0.0494628560203265,0.0487565922799932
"52",-0.000324399390057573,-0.0010234453397564,-0.000471952737769121,-0.0151215636822539,-0.0159642037093609,-0.0163253663970719,0.0024149964987995,-0.00292610089281464,0.0015523760273265
"53",-0.00727830735219426,-0.00930684054635533,-0.00772088084279776,-0.0168833747688727,-0.0186076919618444,-0.0202287705416658,0.0232548017134937,0.0221023891372609,0.0205903726497688
"54",0.000139449836415784,-0.00664163219493497,-0.00202383689635699,-0.0443347647098593,-0.0429938847712438,-0.0466388809685822,-0.0598324782504399,-0.0620410229249017,-0.0610647814823766
"55",-0.00629574281160872,-0.00876568229550401,-0.0111436463211134,0.0107336551968775,0.0170649006957632,0.0164311897760455,0.101024061047904,0.096768918871394,0.0964575632580603
"56",-0.0281973493305989,-0.0278590047740485,-0.0292029267098626,0.0302999665022307,0.0256436481873155,0.0271969528435052,-0.00727641200653895,-0.00734962115770549,-0.00796853242118256
"57",-0.0207861373746528,-0.0214452765319018,-0.0213957047433574,0.0555696731400363,0.0541488171872818,0.0545348722083204,0.0219383307089627,0.0235853035909819,0.0206346251431216
"58",-0.00887640680731128,-0.013203275566119,-0.0124259993235908,0.0604772823671427,0.0581524272262729,0.0561597337671741,-0.0483651285382144,-0.0461334147675314,-0.0508788419281498
"59",-0.00870304690557427,-0.00874150629005344,-0.00910967113382427,0.0533622237591465,0.0538623991562264,0.0518344399331254,-0.0114493966111028,-0.00987119246404444,-0.00806028344879817
"60",0.00381192935194058,0.000533248876422365,-0.000492088938699342,-0.0643864004623892,-0.0606824072231472,-0.0616681458415801,0.0357254823093047,0.0301246565972608,0.0308180796671605
"61",-0.0196128108792438,-0.0180115126887158,-0.0160479691867124,0.030453547688556,0.0272648674685285,0.0290362588007064,0.0309806543796002,0.0280380671966284,0.024683537104177
"62",-0.00861402475103501,-0.00485278000238321,-0.00875541904525212,0.00886214808059271,0.00943749259369853,0.00898395887834547,0.0457960130149835,0.0439067629338141,0.0434214363200838
"63",-0.020595069823538,-0.0191463579669946,-0.0188658909227379,0.00867382415836848,0.00932142602031194,0.00826595395229468,-0.0740483595760094,-0.067838929349433,-0.0670021021109783
"64",-0.00528635292312851,-0.00544049185058948,-0.00871973260081771,0.0441898764769739,0.042075855777522,0.0434129839705472,-0.0580181769331657,-0.058282380728312,-0.0558885954289655
"65",-0.0145212484868634,-0.0150223623110169,-0.0126742360180493,-0.025859450178225,-0.0252987903136873,-0.0234487825343147,0.0188173721653703,0.0140305491744027,0.0184445254987321
"66",-0.00844459519981416,-0.00624978095447348,-0.00568766771749396,-0.063491942873389,-0.0596862964661081,-0.0610815192973163,-0.0138081631697019,-0.0146010047111391,-0.015991700491072
"67",0.0791288380421306,0.0712967887723787,0.0780960557246712,0.153493266267868,0.157229535332193,0.15572125667748,0.000370988869674793,0.00444019263559481,0.00421791609562439
"68",-0.0171272106633698,-0.0182755199418305,-0.0187976336438877,0.0733186327013285,0.0705351341731496,0.0756850781143562,0.0151809064967448,0.0108499582656594,0.0118466051689916
"69",0.00294865923946841,0.000294879100671497,-0.00122437764144823,0.133420089585339,0.131301555890489,0.135601429578169,0.0209682567107754,0.0200399238008333,0.020586801984992
"70",0.0158402885011549,0.0207316154117958,0.012243608975227,-0.0166313361605279,-0.017825194814655,-0.0171897034101254,0.0610536697319616,0.0641774945303259,0.0629505008240746
"71",-0.0116202061339641,-0.0164804295636889,-0.00978273575245148,-0.023336952985141,-0.0239122172994786,-0.0244609259978909,-0.102888722750371,-0.0947814556605487,-0.100041166961636
"72",0.023050533456935,0.020215616360099,0.0200507165742196,-0.0044528142886683,-0.00450431649668458,-0.00448308609276832,0.00193398514970111,0.0036536971989688,0.00497243506148592
"73",0.0344091966008831,0.0352834895323486,0.0360050493948478,0.0456270897748792,0.0493241035391641,0.0453497699054546,0.0492029699775742,0.053499833033642,0.0489985160210089
"74",-0.0334018857672207,-0.0365994120717841,-0.0332313957914079,0.0149520633467907,0.0174447289841176,0.0169522789994475,0.0125551416682299,0.0115954135984209,0.0136176368644203
"75",-0.0815518822008803,-0.0844566401506188,-0.0828891968451204,-0.0195199766745305,-0.0201589944810334,-0.0243442164218777,0.0130428926700201,0.0127859218563902,0.014423842385888
"76",-0.0296844142101506,-0.0289858663045947,-0.0306334906531558,-0.0174847553275113,-0.0196716946425453,-0.016037861792752,-0.0547093580558594,-0.0592962418835767,-0.0561437730562424
"77",-0.0115677644775838,-0.00955322681025905,-0.01321587455773,0.019236170211771,0.0212163540134106,0.0194599057092982,0.0344412128396701,0.03572471484584,0.0366890645728312
"78",-0.000463168904234146,0.000180819839617596,0.00299037877820441,-0.0098979149561223,-0.0113850205016199,-0.0110966737734748,-0.0624823749769932,-0.0583192708369241,-0.0623705316116649
"79",0.0530365802838371,0.0538311696142811,0.0558746265421048,0.0268559310846513,0.0293960697516933,0.0261963011387115,-0.041755951454045,-0.0424898448968073,-0.0485867861875559
"80",0.0231015384437797,0.0300586827937985,0.0249651907052372,0.0365986165824234,0.0348080511279198,0.0359691529082459,-0.0273484062662685,-0.030485469311665,-0.0296753613259443
"81",-0.02076203696323,-0.022277388523656,-0.0234737482923382,-0.0934654142029914,-0.0969223781807161,-0.0968258946722594,-0.00646750832618681,-0.00532028148597974,-0.00385255436531096
"82",-0.0246679811446918,-0.0255454366559053,-0.0214894801922105,0.0130290219127291,0.00565292390895666,0.00425206998740268,-0.0539289588289126,-0.0501067758474472,-0.0565984094182072
"83",0.0224669059671847,0.0258802337810135,0.0218900183347685,0.0647942858136412,0.0597188708603812,0.0619784703046234,0.010606144388606,0.00732532974055278,0.0103966136937625
"84",0.035607602231078,0.028650326009887,0.0329749159649556,0.0676569286597004,0.0657228047880172,0.0718465418041584,0.0228153709074047,0.0245533431303308,0.0234977610286767
"85",-0.0307112634228309,-0.0268180346504473,-0.0269110068366383,0.0143595827405816,0.0150908978012384,0.0142191980207164,0.0136498697078072,0.0151759640884061,0.0140863687532889
"86",-0.0232592429801681,-0.0203233550953756,-0.0246069928753756,-0.0500648101090987,-0.0428556832696735,-0.0395488500267813,0.0439303765425137,0.0460101685303448,0.048367329526171
"87",-0.0268215299946019,-0.0230486145826015,-0.0269293895272513,0.0494651872347643,0.0514537824989592,0.052057560747662,0.0992111354115315,0.0974739413976942,0.100576526307791
"88",-0.0175853053971627,-0.0122956203151146,-0.0168565658033094,-0.0141040139383812,-0.0133440478186421,-0.013825019112173,-0.0969022247514173,-0.0949727679540304,-0.0974473834656682
"89",0.0191590208571271,0.0197978395469207,0.0161665954317285,0.00195955731977215,0.00324782783156574,0.00484949045806493,0.0283656846294506,0.0292846534092518,0.0276762110190174
"90",0.0487103537477314,0.0488165825061834,0.0496029203910361,-0.00940155617583027,-0.00769925603950106,-0.0107189831839369,-0.000238407175204514,3.64044364846716e-05,0.00126224849567536
"91",0.0271607996687127,0.0271407650128349,0.0301619669439245,0.011565918256246,0.010894080412898,0.0130816783445105,-0.0125471801486596,-0.0103846405815815,-0.0130316616842405
"92",-0.0519944373486243,-0.0528770408109014,-0.0529774007526244,-0.0624336940461826,-0.057478617964672,-0.0623763441960877,-0.044747936344011,-0.0445033501434186,-0.045672285801048
"93",0.0125382667964354,0.0114996236739362,0.0151942849407019,-0.00816697557560053,-0.00546772449422939,-0.00580784888992303,-0.00663774494175912,-0.00137364183388688,-0.00122280188597779
"94",-0.00908135112811953,-0.00587267638746752,-0.00405280479713438,0.0223673904725462,0.0235342908479081,0.0219829993613466,-0.0317519448281344,-0.0290057068240349,-0.0285059048520975
"95",0.0729883767083929,0.0711427122202348,0.0724127553772089,0.00639329913662323,0.00567565701187223,0.00725549175683671,0.0175243571261267,0.0217348545259556,0.0189328515392849
"96",-0.0853917599245923,-0.0874105791681289,-0.0852686555644026,0.0167767821068966,0.0175898471792336,0.0116258675092001,0.0811903153644823,0.0832426229278738,0.0834667675502283
"97",0.0394687490321584,0.0450066290971335,0.0444114033156976,0.00178354975156447,0.00311887257523846,0.00260363602641356,-0.0243179957647822,-0.0216518521045108,-0.0183362671750104
"98",0.0336379728501793,0.0353524308191247,0.0301088938831492,0.0511069239815779,0.0465248120939948,0.0495077225610802,-0.0168189781544493,-0.0130492497788237,-0.0181964809735083
"99",-0.105518300885934,-0.105420673191175,-0.103498138926703,-0.0269026603024346,-0.02729685356038,-0.0266245871537861,-0.0391460002644067,-0.0399951206417151,-0.0397478149450494
"100",-0.0335726766551776,-0.0368842484000148,-0.0314577467694701,0.0422683083285124,0.0443810093636819,0.0404069293135788,-0.0422865966822619,-0.0431148463848743,-0.0441445105499675
"101",-0.0178498798775574,-0.0201303161656361,-0.022623455927572,-0.0187716843331846,-0.0187339584976428,-0.0145578802204274,0.0874804216708979,0.0866264656444659,0.0880033687312903
"102",-0.0185360257967012,-0.015008515179999,-0.0140796347033151,0.0253969835072626,0.0213478134667962,0.028054418069556,-0.0128229939396067,-0.00621874257537003,-0.00775172055285467
"103",0.00136177105832627,0.00498516337714061,0.000956419995414237,-0.0067399286771008,-0.00593377997981703,-0.00798509939806613,-0.0896146532646834,-0.0911526019603595,-0.0843001975772557
"104",0.0231316335814451,0.0218689439903349,0.0214463378641592,0.00162780854373323,-0.00242932884962954,-0.00117640155327126,-0.00100347063091605,-0.00388786693905652,-0.00356207605072628
"105",-0.0269052452288414,-0.0256591188047052,-0.0230260152941736,0.0127152677313268,0.0151750116178393,0.0164496360756516,-0.050833275937201,-0.0523871053833878,-0.0503332721606863
"106",-0.067508946823611,-0.0657005537912756,-0.067552624151446,-0.0116725472239759,-0.0152239410935462,-0.0145779783723714,-0.0941221225595915,-0.0963507424758151,-0.094824289914929
"107",-0.0136490430466953,-0.0183205392585828,-0.0144552347228113,0.0204715854726369,0.0222667690982335,0.0190873296234439,-0.122105130100351,-0.121270759362286,-0.115468986560583
"108",-0.0314862101942102,-0.0395662544168645,-0.0379842924833893,0.024355057984134,0.0288030091180551,0.0237059364623428,0.0479031227841633,0.0445641131432647,0.0484488923257336
"109",0.0416645113329798,0.044088732660246,0.0435187810030919,-0.0235168407364012,-0.0181987748635579,-0.0191422387911127,-0.00156303302496685,-0.000314453222023059,-0.00142685623203986
"110",0.0391828108943039,0.0344666888106036,0.0360118817016305,-0.0190004560091773,-0.0172085281654001,-0.0179437947301197,-0.077727653655923,-0.076850842069677,-0.0761706952261809
"111",0.0161727943040785,0.0195978902929357,0.0163148974855958,-0.00306249092206123,-0.0028385025877451,-0.000566442895882369,0.0445099680018771,0.0441440870054226,0.043015743575519
"112",0.0537573359018604,0.052234186701195,0.054099109704219,0.0168630105630351,0.0132520824705211,0.0170447922164479,-0.019027267893979,-0.010949529965513,-0.0150526467011232
"113",-0.030527904792119,-0.0312467060728381,-0.0284037716449249,0.00682586436879901,0.00838243767211549,0.0128315451502751,-0.0253024008912362,-0.0225007470709199,-0.0223804649315293
"114",0.0795486044165987,0.0790073009275687,0.0789911936784672,0.0228426391138161,0.0236835384783209,0.0215460731711252,0.00554052111468373,0.00335986528085352,0.00234180372444948
"115",-0.013535784001588,-0.0134679325517207,-0.0180805249018566,0.0471550119680055,0.0315087356582903,0.0304507525437762,-0.00360995425967492,-0.0014489951918103,0.000743993776540552
"116",-0.0545932987645828,-0.0509147081685941,-0.0541858576681815,0.0291031533218216,0.0256214642663621,0.0274993437815905,0.00181368192553055,-9.29308783638172e-05,0.00147149982085604
"117",-0.0109259641768684,-0.0122550945483991,-0.0100205194805447,0.024712095132869,0.0180210906999337,0.0187606993765259,0.0371684859806525,0.0362036669916457,0.0350340877500099
"118",0.0557981133561072,0.0544992674037772,0.0558497020496325,0.011190960528219,0.00921314364578718,0.00778960458258382,-0.00401884347244152,-0.00775995816804514,-0.00329964877547345
"119",-0.0424773071813682,-0.0425403798371746,-0.0374809805290423,0.0278973092139168,0.0237875221358654,0.0291299901329243,-0.0321962190769296,-0.0354286887776481,-0.0307256767354164
"120",-0.00617996580202945,-0.00560807629069049,-0.00691442760116001,0.07950032604435,0.0860578424616647,0.0793859773806549,0.0076222740845906,0.0110975883024791,0.00804630072326451
"121",0.0539646569317588,0.0516767567487035,0.0554032183873022,0.111462830240477,0.11233041524496,0.112879163895477,-0.00358425829210129,-0.00304575700455967,-0.00530741615754438
"122",-0.0559542267983761,-0.0567288701902076,-0.0574392898801173,-0.00958338211191942,-0.0106541906624066,-0.0096371614369952,-0.0429219521591274,-0.0479868606110268,-0.0515032550473205
"123",-0.0914635085980894,-0.0959136983097469,-0.0955000255856515,0.0041733467223386,0.000366234123281628,0.0044088704394073,-0.00436416526785027,-0.00243799772413716,-0.00104156484035905
"124",-0.0126007248174382,-0.0156628391939658,-0.0134888954717034,0.0222666390339964,0.0179326713115191,0.0204827340471597,-0.0245961724673225,-0.0202166398935335,-0.0196984334430484
"125",0.0386052204004729,0.0409834058808931,0.037566637054114,-0.00106846565619362,-0.0079745249336885,-0.00611951203230232,0.0367316437358065,0.0365317970175844,0.0368810514408221
"126",-0.0259073612948766,-0.030248869490892,-0.0297272461055896,0.0160722187240578,0.0134681887772926,0.015418451814019,-0.0254967313116943,-0.0267037394043981,-0.0250875669804647
"127",-0.0098329598037562,-0.0107051876382972,-0.0134979426784854,0.0730204202098592,0.067580738256441,0.072342276341161,0.0241580816956821,0.0240459064634031,0.0234293945117365
"128",0.0346130440993795,0.0362872115023828,0.0350885623790253,-0.064664527260142,-0.0604254112937488,-0.0627660471232544,-0.0703020541720568,-0.0710706095656546,-0.0724750040386043
"129",-0.0291859540050942,-0.0296785558637871,-0.0283104299596245,-0.0034662364330596,-0.00772587353457704,-0.00466266719841318,-0.00801972094733039,-0.00829530452259186,-0.00877208406847291
"130",0.0428718107867462,0.044356191636481,0.0434602323536188,-0.0522875725648766,-0.0479651513407109,-0.0554270191161583,0.00806965380980645,0.00918998857086467,0.00779208027667355
"131",0.00387458260736573,0.000793069589857365,0.00143821478494022,-0.0810023630172584,-0.0807770846109309,-0.0798222370135901,-0.0207276061025861,-0.0253346625539714,-0.0209856307353797
"132",0.0296702720451824,0.0330490422702029,0.0348070853271203,-0.0333118396871295,-0.037448038686102,-0.040544436614211,-0.00659813147743371,-0.00684153261129039,-0.00662379921784723
"133",0.0340468198089363,0.0331325299739442,0.0304681443256681,0.0159622214695668,0.0170867992697784,0.0151558860979226,0.0215183554525534,0.0157159130263981,0.0203316849316925
"134",-0.0102265998900543,-0.014454488935517,-0.00843412195782955,0.0184372353319679,0.0131411266598349,0.014997914335527,0.0312272626144972,0.0305395451906352,0.0299462424144622
"135",-0.0925733762581955,-0.0919031587001505,-0.0921162223669716,0.0556170686136134,0.0584187284847331,0.0577144275929375,-0.0162132440846381,-0.0155434039087439,-0.0157669842297692
"136",-0.0283057204205021,-0.0283226976247553,-0.027268572410729,-0.0254598552042862,-0.0247516020885514,-0.0252542243033341,-0.0403452887967175,-0.043248601374869,-0.0447848038086539
"137",-0.0437369141711977,-0.0379021940864919,-0.0409696391800154,0.0403062645010669,0.0399198709846869,0.0423072334380428,-0.045191716310511,-0.0460692088677446,-0.0423344134326679
"138",-0.0625252513181596,-0.0624747879410598,-0.0613445802888195,-0.0445173628769095,-0.0410393477099799,-0.0427309335951021,0.0433418373071385,0.0413208658293216,0.040788280011355
"139",-0.0754966694307392,-0.0766101753542932,-0.0775166306110859,0.00107369315643768,0.000290965422988121,-0.00197997506351499,-0.01242431300184,-0.0140717827712997,-0.0133720435022399
"140",-0.0308811473546902,-0.0298499633430651,-0.0328020671319434,-0.00145987403441439,-0.00343468686006199,-0.00428262631176324,0.00283151609842525,0.00178764590561464,0.00108290802480371
"141",0.0120712343593861,0.0192047262430368,0.0147357065212074,0.0806683753728445,0.0715908236617389,0.0727207067411364,-0.0669245195965127,-0.0601392287965832,-0.0621456698891543
"142",0.0399520661516362,0.0372404887580303,0.0390566100404469,-0.00300255794152049,-0.00318527239876587,-0.00108970438684752,-0.0156741406818284,-0.0175228178966333,-0.0181655636433811
"143",0.00429341169718223,0.00554058550774794,0.00497775341184159,0.042857090165489,0.0368633722666102,0.0402729630989423,0.0570388511802624,0.0638436082203527,0.0644183492715508
"144",-0.0202265124903527,-0.0211527480352024,-0.0198634368839662,0.00474910559366815,0.00564459861106986,0.00751356245185225,0.027095646305346,0.0275475564395417,0.0271759484644289
"145",0.00394077375399227,0.0072997984579915,0.0033460522621197,0.0397850028055829,0.0427247866152816,0.0446945327026261,-0.100637322367567,-0.0984485237894124,-0.0983855479667691
"146",0.00152635123874689,0.0022777641883216,0.00058951165305321,0.00740203079594315,0.00473108837097957,0.00442731922892392,-0.0131213660076757,-0.00835772756348407,-0.0123272415292108
"147",-0.0221316445122142,-0.00871998055546863,-0.0140137959951183,0.0225408537496469,0.0216539140918915,0.0208712260357072,-0.0210041225885796,-0.0266796472953402,-0.0237611193033562
"148",-0.0103015274737913,-0.0115971813810689,-0.01687372298743,0.0143567616633107,0.0145591713276644,0.0125467527425354,-0.0181379168717071,-0.017101472271639,-0.0184341693916855
"149",0.00405309052179514,0.00575711001613743,0.00375851934519678,0.0230401455465896,0.0216266570662514,0.0203503077817824,0.0543637517162764,0.0564264006505125,0.0539209219261105
"150",-0.0960046082388089,-0.0955691520087216,-0.0929628269733558,0.0285428992059809,0.0359193156533493,0.0279229277092123,0.0308940195786138,0.0303832166778491,0.0310077887329107
"151",0.0637221917903136,0.0559134956883209,0.0536865194785215,0.0135652007357541,0.0132640642643154,0.0132579936982586,0.0299672315102917,0.0259907773208705,0.0237595189629968
"152",0.00433343814425155,0.00437137028581519,0.0062373657889753,-0.0329300970894365,-0.0336115670495988,-0.0319923489805714,-0.00486397853699816,-0.00334803758803937,-0.00638389208051804
"153",-0.0762498391378434,-0.0773161375598637,-0.0749111511888194,-0.070866028524343,-0.0753912106012893,-0.0714595509280823,-0.0139021173173027,-0.01222302535395,-0.01591569706591
"154",0.0225530373391921,0.0224829978094748,0.0240859422386496,0.00428500598534032,0.0034328527354005,0.00372608267770025,-0.0136928724236446,-0.0111334261420702,-0.0157098586865522
"155",0.0121171686936146,0.0204302828725074,0.0164102345587938,0.00201620632023169,0.00425953852161554,0.00614284006345389,-0.0148360130821522,-0.0133966860289068,-0.0132706043166865
"156",0.0182552592966759,0.0189774678351143,0.0183214609082882,-0.00724333298699653,-0.0130252096510003,-0.0132273110698836,0.00336459376564147,0.00304277285990401,0.00643931278423421
"157",-0.0532841800606546,-0.0573399465101182,-0.0534152469378774,-0.0325096749534786,-0.03630185127835,-0.033706577844999,0.0486286825754063,0.0481957238327945,0.051425262118219
"158",0.0197910512805423,0.0247008797087402,0.0199133887085749,0.00925368965415863,0.00807948255404978,0.00969169353877147,-0.0240878726677531,-0.0277774169378753,-0.0295349393519249
"159",-0.0295157812126513,-0.0325652711715304,-0.0325374452913416,-0.0629335047767838,-0.0594602583350364,-0.0630917750002088,0.0396318248790051,0.0389022994626403,0.0392145170177003
"160",-0.0385991483283289,-0.0284931724595887,-0.0327320975734787,-0.0252461783052703,-0.0252239684041297,-0.0226278293214736,-0.0825386121894779,-0.0871475915289966,-0.0857167386802855
"161",0.00229487935317813,0.00501065673465978,-0.00065367389930765,-0.00874138147147885,-0.00471699831112427,-0.00852434077822561,-0.0141011422043964,-0.014119840812318,-0.0138332755104852
"162",0.00679879592164956,0.00573918291127828,0.00681452966710705,-0.0166965193191535,-0.0169660068748793,-0.0144637690412797,0.0114519808152349,0.00923258300803953,0.00751797736693149
"163",0.00972144966749222,0.0088184524276147,0.00644323089293686,-0.0283435797620498,-0.0280221097947378,-0.0250024238264644,0.0535491527479701,0.0561207537885606,0.0542949871627088
"164",0.00536173346322621,0.0028411640273166,0.000610622391623572,0.00565455398164072,0.00822833605887285,0.00781058527086365,-0.0165876236213355,-0.0178802145084647,-0.0140438875468141
"165",-0.0315628382211647,-0.0297882099036521,-0.0334086075381747,-0.0177607315539656,-0.0203758920741823,-0.0140701770619228,-0.0316810982844086,-0.0295818261066166,-0.0323124478080425
"166",0.0117182545125503,0.0130732456185107,0.0152985627488688,0.0122352038084524,0.0121703448048942,0.0146514886123148,0.0119355509107147,0.0157979121792089,0.0133141825477118
"167",0.00740057728270799,0.0100118584956219,0.00402143011982181,-0.0596324613337109,-0.0638984564108983,-0.0617103500602934,0.0128665155818209,0.00716465708068464,0.00950413061622307
"168",0.0147100819258043,0.00973907671995494,0.00804751471178183,-0.0114951249512997,-0.0100375147729246,-0.00915120437474398,-0.0546614129741978,-0.0552240034312683,-0.0567982197501238
"169",-0.0110610076858749,-0.00971703742656427,-0.00612449747941224,-0.0786389470456941,-0.0766400495083688,-0.0791872016699678,0.0255911489090774,0.0305694174211772,0.029990966485982
"170",0.00421497955734951,0.00375183334218165,0.00384045998973426,0.000989171471346029,-0.00379757502469735,-0.00379937205837599,-0.0284955622763595,-0.0296272329870044,-0.0269316489870945
"171",-0.0534211559130949,-0.0570869832649992,-0.0549235721380373,-0.103263529491742,-0.10231823024084,-0.101591718406935,0.00557872828309844,0.00431355559339985,0.00734194286823689
"172",-0.0302551473197615,-0.0275028649973286,-0.034233014791163,-0.0959531401649568,-0.0920715381764214,-0.096145312107928,0.0590907013224479,0.0590465427373383,0.0594659271889865
"173",0.0385756283223278,0.038437383903924,0.0366050252396572,-0.00369798368622354,-0.00590990802672164,-0.00957850844399283,-0.0572633946384042,-0.0562824077826767,-0.0551173914206616
"174",0.0397934754586182,0.0385261376978251,0.0389825923575425,0.0466323260172936,0.0488919608765385,0.0481033437315916,0.0202365780662854,0.020895547373292,0.0191298268061888
"175",0.0293311895985627,0.0314658492395647,0.0314170131314303,0.0181833851316011,0.0191187176215505,0.0156283427366976,-0.0475698051182699,-0.0355317882823524,-0.0416465393311592
"176",-0.0743353060038884,-0.0718112626142413,-0.0719355118001376,-0.114918295317001,-0.116849053609109,-0.113312373525051,0.00544160544838312,0.00474989345953492,0.00937528862940651
"177",-0.0481203432606895,-0.0489498302054179,-0.0502339431229395,-0.0358865966565479,-0.0368263469331768,-0.035615721188974,0.0163939051111612,0.0203334639692392,0.0191868010634245
"178",-0.0112465706550741,-0.0149192117823053,-0.015087638333457,-0.0380064513656468,-0.038524744653241,-0.0385866216884878,0.0274373796188619,0.0270064610844426,0.0266983777136816
"179",0.00666850659090573,0.00584481149786109,0.00917300041146685,-0.0642867957280515,-0.0652796518842806,-0.0658531339461673,-0.0448758910788255,-0.0505258749883556,-0.0480862243648779
"180",-0.0872063748813641,-0.0859328753093352,-0.0868237297481466,-0.0296390557733415,-0.0275935132305195,-0.0259044002168665,0.056261710813868,0.0497996050096507,0.0515359505770607
"181",0.0126102241270841,0.00747863110786401,0.0120464667710054,0.0136330254713185,0.0163622864999168,0.0130759716456139,-0.0223011139273475,-0.0251482242620921,-0.0250533072741099
"182",-0.0484789421424025,-0.0477067413786965,-0.0486173589362907,-0.0144196471884698,-0.0151073838304255,-0.010023247339381,0.0204615243442419,0.0224187761013116,0.0245305079577841
"183",-0.0144710867624455,-0.0158725129311103,-0.015212402918743,-0.0392395213507073,-0.036397881700968,-0.0385955759396262,0.010577297672667,0.00949888092309577,0.0110735526952188
"184",-0.0474150795858894,-0.0496020619899955,-0.0489296692529581,0.00529142209359046,0.00632572932986331,0.00735074428089877,-0.0504126872093423,-0.0535414293051104,-0.0494485681637353
"185",0.0232244594985973,0.0197894570926186,0.0207684394544898,-0.0355917019560358,-0.0342994281347643,-0.0342647108187605,-0.00393230830260871,-0.00239278791877057,-0.00593936959676139
"186",-0.0224646427980175,-0.0232420733121458,-0.0210557729519012,-0.00393507282986394,-0.000946207047017089,-0.00195379943000473,-0.00296707169666888,-0.0089956649377243,-0.00297980105826395
"187",0.0454875030248076,0.0449009323048979,0.0465487284298576,0.00210206944969449,0.00231091242084647,0.00177186907228832,0.0256502502341979,0.0287780000187415,0.0278634460879666
"188",0.017341408778488,0.0144245278248512,0.0138858048964693,0.015437007160705,0.0164427345779005,0.0128609289384876,-0.0204394886549032,-0.0215623501174689,-0.0223622848709599
"189",-0.048839335847252,-0.0506713294665749,-0.0497067188451866,0.0320747799193399,0.0338136092341097,0.0338050426647645,-0.0300144875674782,-0.0292469979066365,-0.0286739725376213
"190",-0.0273270719431223,-0.0256049216212855,-0.0230337359322704,0.0777264795083718,0.0788396296596687,0.0789642318787517,0.0240626551258571,0.0252219359718951,0.0224901513585196
"191",-0.0308906503705554,-0.0338830492462237,-0.0316404221861309,-0.0244836171076652,-0.0240165218148343,-0.0242768886980557,-0.044431504734959,-0.0383397277341441,-0.0422068434401612
"192",0.107235447656517,0.110843248586329,0.110573179758783,0.00478087660146531,-0.00104021284975808,0.00210479376906136,0.0682042470379062,0.0642950504389011,0.0681367194098128
"193",-0.00638913746457553,-0.00756238408483245,-0.0078346526878954,0.175983067509571,0.181105949515002,0.177485901679431,-0.0117646485153413,-0.0138230453825079,-0.0149397903159378
"194",0.0085243021192396,0.0079064396495252,0.00826912665366308,0.125597556726524,0.124970161864963,0.127243708225578,-0.00580045131881057,-0.00684494856261086,-0.00785581160359206
"195",-0.0414184537206358,-0.0350952365774702,-0.0385275046369217,0.0800901878157347,0.0782101904468837,0.0840338879721931,-0.0279187643092806,-0.0292585427896399,-0.0270013257736321
"196",0.00361686950723872,0.00716527749203144,0.0086906047476204,0.0139700830882583,0.020291357461244,0.0132742084729685,-0.0138318993311126,-0.0152491496065577,-0.0161856097667595
"197",-0.0437457408278428,-0.0465296166408559,-0.0452974054290087,-0.0552901204939493,-0.0616284302479105,-0.0602440335818198,0.0195363266083713,0.0217884094529736,0.0208349384727495
"198",-0.0145508667072467,-0.0146714430171894,-0.0134984235013649,-0.0205004748463172,-0.0210643639580896,-0.0227217222484916,-0.0387766115090413,-0.0372113935882036,-0.0378857631078039
"199",0.0387082966731281,0.0406350757805281,0.0384392986479281,0.0360091676229278,0.0400091116554295,0.0370882883533663,0.128311058964497,0.127768290449129,0.126589257692614
"200",0.0067218439775345,0.00465793487147093,0.0103804972534223,0.0125805666248867,0.00859480686249078,0.00950194590434067,0.00298842328265597,0.00297168125620861,0.000618642469835118
"201",-0.0078875031835674,-0.00633610394970383,-0.00596416404814748,0.0284927058589406,0.0274461574749037,0.0242310440912736,0.0131214099897781,0.016137587553318,0.0123711281511618
"202",0.00631004475721197,0.00539920050572329,0.00379224005959228,-0.0415758884708351,-0.0360118059738258,-0.0375365658892608,-0.00966159004112077,-0.00742265120694963,-0.00970749616520616
"203",0.0032081009865913,0.00717473793937151,0.0116579444696098,0.0213578512562427,0.0282668687241397,0.0220067733537444,-0.022228327108986,-0.0183787355700707,-0.0238578940894495
"204",-0.0578787133222833,-0.0528253207882196,-0.0551596968276387,0.00966042231889214,0.00170241002986338,0.00290320962020429,0.0130971938718003,0.0125016359112711,0.0147394100891708
"205",-0.0299178262162368,-0.0323221321616176,-0.0326020342870122,-0.00571695366931935,0.00129704796903263,-0.00219248019606877,0.0133221208213467,0.0151956553441959,0.012377910655241
"206",0.0246108468512156,0.024431175122808,0.0225426070155978,-0.0190863431664046,-0.0208575385713026,-0.0230819638364993,-0.0255772786403625,-0.0245868014410462,-0.0248732654232826
"207",0.044739132526729,0.0423203919744534,0.0447730968095182,-0.00461168686068292,-0.00296092625282018,-0.0019009825414058,0.0339868522719979,0.0362680070193421,0.0345399770874326
"208",-0.0426127084805721,-0.0364183003298522,-0.0428135591852384,0.0124609714073305,0.0122094484231717,0.0100998237452576,-0.0463331345903564,-0.0424507313556994,-0.048649718218633
"209",-0.0198781328635284,-0.0184661366678505,-0.0171580799733939,0.003906477728299,0.00147745209195255,0.000435327512006811,-0.00987474721636361,-0.0129821577844219,-0.00867953669251664
"210",-0.0642189195165063,-0.0653466743537569,-0.0650369835791951,-0.0442637903389794,-0.0459760474644978,-0.04365082601868,0.0389135435224832,0.0407234197064571,0.0396219134852172
"211",0.0135194633662987,0.0143623822495744,0.0165660855879546,0.11569756776018,0.120601813736118,0.121394356827426,0.0523242306559486,0.0546821176536181,0.0574608720866009
"212",0.00304613009402155,0.00282142853663347,0.00139975457245156,-0.00235417102825991,-0.00308352405048939,-0.00319651589650821,0.0130587653750597,0.010258575992059,0.0155435168498828
"213",-0.0109319900486087,-0.0121025268568887,-0.0105870207313533,0.00897337687079069,0.0105233392750418,0.0131697498721468,-0.000932150293662115,0.00218667936566819,-0.00297888020036552
"214",0.0259870805853406,0.0282900412968079,0.0261768718778264,-0.0380252039305956,-0.0373985116317027,-0.0375213550083165,-0.0133615498101568,-0.0140757436492122,-0.0141910787136068
"215",0.0402574259611586,0.042695433426994,0.0393403495079764,-0.151496146564847,-0.145307559490016,-0.150025727352798,-0.0394832534517178,-0.0426947531816312,-0.0392349381603555
"216",0.00212110315972702,0.00122475235811081,0.000472029707316524,-0.0307284359379357,-0.0285147519705438,-0.0289380150294385,-0.00609124685187146,-0.00782862654855554,-0.00674464772722438
"217",-0.0141951645983824,-0.0138502350071222,-0.0153278839230049,-0.0357704777967255,-0.0358307606707787,-0.0315610583970694,-0.0374217621367612,-0.0385244937557945,-0.0383356146746573
"218",0.0806919633635397,0.0819524955232305,0.0789661062022434,-0.00531566901026956,-0.0061674494849277,-0.00414376785278361,0.0109959372959777,0.013482899547314,0.0147870963703021
"219",-0.0031703173500181,-0.0162289921525847,-0.0176343320736476,0.104014126229596,0.105090620822154,0.109319885482259,0.0136627266415003,0.0129980815106727,0.0118355643353928
"220",0.00468461542912441,0.00344126127338246,0.00386105210725662,-0.0356866145388323,-0.0341096781405394,-0.0334005723364569,0.00421994628679506,0.00306235157981605,0.00097622933687086
"221",-0.0130247742655979,-0.0157023997560285,-0.0115446088332053,0.000941728648593154,0.00320236941620877,-0.00217089877298582,0.0353478138525717,0.0349131020486405,0.0339435377893821
"222",-0.0345957047020887,-0.0316241488608784,-0.0331841376767048,-0.0264589300664477,-0.0273022610927425,-0.0284361498195874,0.0565132645881085,0.0593534161864723,0.0542292990347387
"223",-0.0187821811988456,-0.0159750792332788,-0.0170259304736982,-0.0285206418886007,-0.0262886885657105,-0.0284191230338957,0.0333602157410828,0.0319226403948606,0.0309851952041913
"224",-0.0244201428224883,-0.0252986853997029,-0.0241190662319105,-0.00211455974202254,-0.00250043219650037,-0.00253331441895854,0.00882698384086145,0.0101781300286101,0.00992641881031947
"225",-0.00379652838769662,-0.00428843858448547,-0.00357338996022294,0.0865896064931546,0.0863233320609059,0.0861466780495589,0.0513794756709168,0.0470184890322213,0.0468192828220584
"226",-0.00390466213236673,-0.00515066919935186,-0.00657742964372071,-0.0531925840088351,-0.0551664268751605,-0.0551667655756744,0.00927741253837955,0.00946788853967701,0.00697760566783473
"227",0.0369295029274879,0.0345322554703423,0.0376498915908469,0.0281379581891809,0.0250262494016436,0.0305583695335693,0.00235895610143377,0.00230036112505344,-0.000590375277015165
"228",-0.0258469462599995,-0.0226454456564342,-0.0253988671798282,-0.0443018899734111,-0.0411027202435048,-0.0442016092698703,0.0300759528372523,0.0316112475441331,0.0291374488038965
"229",-0.0158635323832326,-0.0162498743507007,-0.0160035055518295,-0.00772908712526488,-0.00697633734744618,-0.00986745525038335,-0.0215252701123486,-0.0237048109498963,-0.0211703023011112
"230",0.0113777167572898,0.0124739771395619,0.0100147101041625,-0.00475605212372449,-0.00881346164795849,-0.00636914618143908,-0.000463183802982603,-0.00176024477537678,0.00158412674870623
"231",0.0279413277173933,0.0254969571037863,0.0288868323355516,0.056565073367542,0.0471455543818083,0.0488258130207977,-0.0206551909271268,-0.0177004020936832,-0.0236865683257749
"232",-0.00635904156568856,-0.000851745159057504,-0.00422320953653921,-0.00825638395716932,-0.00978204602510258,-0.00829124580721119,0.0142771226081854,0.0142991328855473,0.0150085246774199
"233",0.00552847091381575,0.00401385232808915,0.00641655489151688,0.0480603997168801,0.039896530756541,0.0428022269148107,0.00341198648415497,-0.00486815890476777,0.00130836284216029
"234",-0.0023747663226108,-0.00668730363577064,-0.00409168790948788,0.00909884578342351,0.0123227654752074,0.0104887318985667,-0.00954739359802503,-0.0130738995869463,-0.0115277338089167
"235",-0.0689302697426822,-0.0700065629512752,-0.0649510221436624,-0.0351977417183272,-0.0367312537490197,-0.0354291521869811,0.0600497448966144,0.0609855917471912,0.0603812328628199
"236",-0.0138339443988998,-0.0157019272356392,-0.0170853355477308,-0.0298958207095548,-0.0301059653360661,-0.026107959070897,-0.00475401521864072,-0.00494883353910835,-0.00621323618360747
"237",-0.00667377551588647,-0.00786124482082182,-0.0080645710821915,0.016190145233541,0.0126086670788745,0.0208342984769484,-0.000660309088815536,0.00151947439188704,-0.00317395188437297
"238",0.0407365632394278,0.0427111414637396,0.04311580521861,-0.0244667969956596,-0.0214789967564194,-0.0216768456001369,0.00378139815674466,-0.000621251335255479,0.0024871511639723
"239",0.0254316641562411,0.0257786776442361,0.0235127367305547,0.0351221736563115,0.0304384713350189,0.0267252010132862,-0.0766601273402693,-0.0763841918452284,-0.0728998846563075
"240",0.0379237904698743,0.0368700866860256,0.0354777132115055,0.0126677048229573,0.00449690459723834,0.00585046832979075,-0.0955456314686074,-0.0977216102113999,-0.100281193573689
"241",0.00661769941933377,0.00736560292950039,0.00467649957097571,0.0241567955972243,0.0270844536011394,0.0254369380557611,0.0363754821279518,0.0362711719768861,0.0372810651919662
"242",-0.0400549054755182,-0.0398693357521895,-0.0387438780541609,0.0382197855968677,0.0380283419777872,0.0378585329063262,0.0321390157725679,0.0332306348258761,0.0317103860722598
"243",0.0781904288162254,0.0722812008253202,0.0738521564906028,0.0173426835939434,0.0195546616176788,0.0206065185942766,0.0245220892199006,0.0259277142224099,0.0269098929130105
"244",0.124877151896977,0.139181291465772,0.13751574431472,-0.00123442845741772,-0.00451535609452713,-0.0016257111548188,-0.0284617257588919,-0.029354233328026,-0.0288728939541116
"245",-0.00146612668889512,0.0012457991673015,-0.00301905344459885,0.0271323567469017,0.0243495078680221,0.0250945782223028,0.00619573073885293,0.00749053409455769,0.00699480259640495
"246",0.00922346293050091,0.0120926913096375,0.0124221751182227,0.036126014358126,0.0363416479794162,0.0372122639231008,-0.0217992627624213,-0.0192075669403,-0.0195411468877724
"247",-0.017596551702647,-0.0194731919998041,-0.0178222331241707,-0.0228574051109337,-0.0224629029210265,-0.0217837027699653,0.00952913328358129,0.00654591234857271,0.0138918520665999
"248",0.0242002726601825,0.0230447395639486,0.023554595888593,0.032530959153687,0.0298859814983531,0.0309567451013235,-0.0649760153882326,-0.0636288544360887,-0.0603907302378354
"249",-0.00627453831176839,-0.0055663684197943,-0.00428811349726332,0.00172961668445404,0.00404826793446256,0.00676955327978102,0.00483874366272685,0.00368861800721376,0.00587760232098
"250",-0.0275404286361435,-0.0269258625419095,-0.0328846617807421,0.00156696004906476,0.00286861846702546,0.00511209312887451,-0.0323527521823477,-0.0312885350574398,-0.0312701873647965
"251",0.0259321837806844,0.0293434387842674,0.0300143902703107,0.00467160830576874,0.0016158336558465,0.0035162825491013,0.0580300211056666,0.0602207887426859,0.0593023245236848
"252",0.104417153967386,0.104446688893115,0.104609414978821,0.0168504296142516,0.0179926967141987,0.0166985254999121,0.00584223437262692,0.0065532138026097,0.00755211077654158
"253",3.53531704402887e-05,-0.00750955941991249,0.000799221954523588,0.0625293368679954,0.0600145634681093,0.0640465754177159,0.0220616674941435,0.026127110719959,0.021535267074672
"254",-0.0640785457748689,-0.0593086247896606,-0.061985136274544,-0.0420738759783066,-0.0391886861998191,-0.0407934050294414,-0.0490406331906885,-0.0474306018760108,-0.0508698363937842
"255",0.0551032218732873,0.0537187114788514,0.0584710773716791,0.0236485139434673,0.0256434940570074,0.0249224649195411,0.0371566994912211,0.0419491702166909,0.0397033859075528
"256",-0.0533637467922608,-0.0600522408278437,-0.0554047813942352,0.00910814114433145,0.0105626628725209,0.012204094563934,0.00672398400808116,0.0027691249737806,0.00471770680983091
"257",-0.0487809638094335,-0.0505756751021447,-0.0502879814630829,-0.0241264189003981,-0.0229726945085059,-0.0230872660202871,-0.02938334450727,-0.0352261322674629,-0.032235722743086
"258",-0.0191323328569377,-0.0178924425930866,-0.0187323951193986,-0.0248434817527824,-0.0280303504668659,-0.0220581200945243,0.00883986065406051,0.0074583904309726,0.00674034011603397
"259",0.00883860433158656,0.014108789097801,0.0141989809792012,0.0025380596869149,0.0098549350133379,0.00426647663702745,-0.0102532489492181,-0.00906289140541361,-0.00949450380325456
"260",-0.040634631277999,-0.0497756858587965,-0.0513254699271588,0.0208096249618902,0.0205016012122266,0.0184106044896695,0.0448403912672465,0.0431848226090204,0.0424506533106688
"261",0.0105360787891761,0.00784168286361286,0.0108626966530135,0.0178840982060051,0.0164791971869203,0.0160389362625848,0.015134640773777,0.0214410569046024,0.0176954059491475
"262",0.0405417976355124,0.0364028881043462,0.042953582381262,-0.0544329859332153,-0.0506380906392451,-0.052607944775627,-0.000358353804873035,-0.00529786689019618,-0.00804368182966131
"263",0.029837438083737,0.0309635870720051,0.0298328059691667,0.00232339200315335,-0.00106746925407941,0.00329009909877181,0.00139733920186613,0.00259948378895347,0.00381735435109853
"264",-0.0100705773289349,-0.00359312865140088,-0.00579843082868864,0.0171521563672545,0.0171160539180782,0.020133985331716,-0.076981131943581,-0.0713986714556414,-0.0774804579571663
"265",0.010880632304296,0.0103928330037054,0.00838790836259395,-0.00317058347244037,-0.00557033890722125,-0.00618625514058047,0.0065307884133351,0.00856738364504317,0.00670920086861582
"266",0.0386381415271591,0.0353380309621158,0.0357030475920867,-0.014830904311446,-0.0153846054977092,-0.0139152014686123,0.00079632936384455,0.00545481373508505,0.00245763480683447
"267",-0.00640103470925291,-0.00962261986564183,-0.00487028782800486,-0.0398170397459794,-0.0445506063226213,-0.0366220672602138,0.0226686458504355,0.0273591983235631,0.0253709997818679
"268",0.040573941761693,0.0447375241893215,0.0426055336963612,0.00155443850891157,0.00195039439168443,0.00277801731708316,0.0233715528188311,0.0213565988521085,0.0247802781347414
"269",0.0451072961539619,0.0441004282215758,0.0466732006761657,-0.0233266680921553,-0.0236451507943365,-0.0221974888014833,0.0661161033364533,0.0624605320473733,0.0652111407839254
"270",-0.0166834553667159,-0.0177067982555527,-0.0200980428403926,0.0167583030629179,0.012093613860246,0.0141699405792876,-0.00922492112849205,-0.0183938220889941,-0.0139108844349453
"271",0.00871724063749202,0.00749648521318036,0.00833178872473628,0.0201399308719431,0.0207156011837663,0.0201871537447803,0.0316939978211499,0.0325463434243548,0.0366103862970828
"272",-0.0218470630103628,-0.0226534445931509,-0.0208405261825364,0.0207904311849398,0.0189711803055854,0.0221129831644657,-0.011549150917645,-0.017270809008942,-0.0149457467789242
"273",-0.00646328578794475,-0.0105734326069322,-0.0103307079463221,-0.040684339488037,-0.038232547167121,-0.0360111486728891,0.0641406915600455,0.065411196812161,0.0644067635530997
"274",0.023443918211107,0.024520412901343,0.0218619399486935,-0.0403532482464238,-0.0403345247330547,-0.0405475578617292,-0.0113077240200053,-0.0110673868410074,-0.0119382807221895
"275",-0.048209157038805,-0.0512608441763419,-0.0487823006467569,0.0147454112024483,0.0143780014234186,0.0146819781181365,0.08904690528384,0.0928664005006716,0.0891003722437959
"276",-0.0340595170369341,-0.0372038723392956,-0.035951665532829,-0.0218228212346809,-0.0247548200568782,-0.019362325860232,-0.0457783226631207,-0.0485238890789778,-0.0478666508674295
"277",0.0301145016147091,0.0321923190299302,0.0302078344238336,0.0568051275102414,0.0550748952963151,0.0512286886160812,-0.0453893382412618,-0.0479802918626291,-0.0437540978409688
"278",-0.0384249444384376,-0.0380470036783033,-0.0382880836513343,-0.00736902301352466,-0.0116761438440662,-0.00926524828648845,-0.0205124186474225,-0.0197728545703522,-0.0220242683513607
"279",-0.0212570234272726,-0.017157867816939,-0.0178573444241685,0.0153427193208203,0.0160306500831623,0.0148208301306672,-0.0110469654127257,-0.0178569079952385,-0.0153846260508982
"280",0.0235301275555018,0.0210057746408068,0.0228820609454165,-0.0311503765855555,-0.0326824940564486,-0.0311395431008371,0.0511174989974326,0.051323921898625,0.0513083455877701
"281",0.0100271049624168,0.00798072103180192,0.00917366899711192,0.0344580932164698,0.0298378203943779,0.0332746515963641,0.0213592489574907,0.0210824290709522,0.0224213664243174
"282",0.0146219308034558,0.0170205943762176,0.0143697458173778,0.0270626932667087,0.0293165593670343,0.0300424901442334,0.0200836747113257,0.0231922339342956,0.0194225535648439
"283",-0.00466304540757523,-0.00229088240942943,-0.00308298224123976,-0.0426182726211034,-0.0420350451870678,-0.040475066993936,-0.0457351485080685,-0.0495129160170241,-0.0482185017331744
"284",-0.00314643924168179,-0.00101962467692951,-0.00068607510517249,0.0185283561623658,0.0170656150794827,0.0172330822476932,-0.0616468638335298,-0.0623583585091966,-0.0627554487672055
"285",-0.00252566535915166,-0.00483371012033418,-0.00112672289156901,-0.0109843342834774,-0.0128815455450428,-0.0117901536639088,-0.0199474778943012,-0.0174073888390638,-0.0180123106837115
"286",0.0175046979903977,0.0174155196207278,0.0148175974891378,0.0425091032889769,0.0404899099707292,0.0408545066076244,-0.00746105910303302,-0.00427339835597645,-0.00534014635329222
"287",0.0332385972918114,0.0347739385844307,0.0325658247632825,0.019534536832663,0.0219311460718381,0.0214403156149872,0.0573664819372561,0.0581807290247178,0.0572516946296718
"288",-0.00258000611648601,9.17800646325073e-05,0.00205229641553428,0.102768688937545,0.0949139489976515,0.0981677547048038,0.0122062335512493,0.0126361728759208,0.01159140585335
"289",-0.0181568497167953,-0.0166346268077348,-0.0180845298254442,0.0437670315494991,0.0383640923624806,0.0418905799453266,-0.00584485594570888,-0.00365534726992894,-0.00443275131684712
"290",0.0134060132888251,0.0158716395018896,0.0142448535669092,0.000695957494392108,0.00217153116973468,-0.00101176686436999,0.0142983978903379,0.0151419175288151,0.015205183695875
"291",-0.0176639337781825,-0.0157473319334538,-0.0106063927174229,-0.0174617566485307,-0.0192782168214812,-0.0226139212993689,-0.0715905132523857,-0.0775058617666318,-0.0792562841767828
"292",-0.0209828929779089,-0.0205466767769975,-0.0239756138185695,0.00384530033331831,-0.00119835011363967,0.000477223719617781,-0.0278283786780444,-0.0373439984945784,-0.0322210068318192
"293",-0.023553289442374,-0.0211372110662849,-0.0208258891628348,0.0157978384197677,0.0173546833973534,0.0149662250632342,0.0232868140574624,0.0238058632973085,0.0239519874810363
"294",0.0228113851754179,0.0203469861827107,0.0270704299567489,-0.0292926267788127,-0.036408494991252,-0.0344519689743439,0.0407289828438801,0.0365656810502296,0.0342813382389477
"295",0.0209145673400632,0.0134671890544646,0.0189451713000702,0.0658161684077443,0.0647536475955138,0.0633497948777997,0.0171802098758062,0.0183659411411158,0.017177810512015
"296",-0.0526799366700482,-0.0551544755330747,-0.0524842470822446,-0.0319187560737014,-0.0340150287298342,-0.0358518041487592,-0.11588405332963,-0.110426882010976,-0.114953455725065
"297",0.00680181265726587,0.00655157145393404,0.00666867614588129,0.0343560222624737,0.0373891048234281,0.0318775835512151,-0.0189464806278889,-0.0206051835718819,-0.0203397248569323
"298",0.0855456855296204,0.0821614516259153,0.0841580395468133,-0.0235687701181128,-0.0229037579478751,-0.0234721721008607,0.00760704609355756,0.00173588280161568,0.00171127388911674
"299",-0.0345225799894818,-0.03771895915615,-0.0362552553394463,0.000245445881567885,-0.00235412592613121,-0.00168693659013724,0.00893451382455468,0.00626487750607074,0.00847616244105864
"300",0.00130637951484402,-0.00224937420100457,-0.00434188622281312,0.0153029142320247,0.0178566636073859,0.0177724283888101,-0.00955973977754276,-0.00944758990605366,-0.00971586189651585
"301",0.0247359453150641,0.0246215827719993,0.0222096106402734,-0.0908593533692998,-0.0875811777629755,-0.0921921992477377,0.0251858350296541,0.0235791360787045,0.0247107595572298
"302",-0.0815136987762137,-0.0847334729439093,-0.0817084475177323,-0.00523212100078824,-0.00246907574181782,-0.00484512672686088,-0.0122266293984723,-0.0172129640888854,-0.0173266884710986
"303",0.0309600083877788,0.0315225566588391,0.0333141896384438,0.0658056329035436,0.0648713857885835,0.0606004668481805,-0.0226486594355566,-0.0258885034617408,-0.0246712319843372
"304",-0.0125219284320365,-0.0161536452624007,-0.00864451969004687,-0.0378719936461751,-0.0393808171726447,-0.0393852156868453,0.0392554712895533,0.0364648406829007,0.0396879011627111
"305",0.00267758461816836,7.31479498083942e-07,0.00347072474638643,0.0146561736491022,0.0138542861832825,0.0178216087130594,0.0163076468966674,0.0116816850028791,0.0103179056309329
"306",0.0031150977336355,0.00246411928641832,0.00221915889331248,0.0151857154165806,0.0184212743552341,0.0175061400502134,0.0435089962126023,0.0421030683719325,0.0426696714393944
"307",-0.0222092766399612,-0.0185909987144104,-0.0182427630141664,0.0466879411577826,0.047161789670622,0.0453281736778492,0.0421203558938904,0.0387598428646254,0.0399912538433436
"308",-0.00635981372698602,-0.00249066712603174,0.000589773498745116,0.0554153492842109,0.0529911285250241,0.0573964046777689,-0.023275403855896,-0.0238763403741977,-0.0210457948023762
"309",-0.0171732398275757,-0.0222910918781276,-0.0186272807390263,0.0207467789451721,0.0221800581803629,0.0230145677367463,0.0490221207129056,0.0512940941025311,0.0456649190321057
"310",-0.0078810297420151,-0.00894699836726265,-0.0101365985192896,0.00889986699652345,0.0101650626468128,0.00804695788337545,0.0253827087547853,0.0242891522086439,0.0236082529822624
"311",0.00150678827291417,0.00110303845100901,-0.00155521810916903,-0.0891391785702957,-0.0823582531726866,-0.0853842059494881,0.0357290426899839,0.0359961673235216,0.0365611655680924
"312",0.00124791260762458,0.00253595972831921,0.00151977509959267,0.00195766367417838,0.00193690326873031,0.00339639794720548,-0.0239750676118096,-0.0245737387458432,-0.0221053810351043
"313",0.0281173594841458,0.0291136342859787,0.030372694239499,0.0150769544285128,0.0127613265393715,0.0154960602170992,-0.0235989445105547,-0.0218395317437969,-0.0191223646402054
"314",-0.00504001605626342,-0.00947800070479549,-0.00645634923336794,0.0339438617826012,0.0304748365314215,0.0305055184335813,-0.0553001251542556,-0.0571762446014225,-0.0592493100470102
"315",-0.0345281739378207,-0.0331522818312378,-0.0312579092432973,0.0295243017321093,0.0285405180732697,0.0289267300413843,-0.0161955809211032,-0.0163526451752691,-0.0205689270183188
"316",0.0320249030930948,0.0342423103260605,0.0308514590026825,0.0224355157009167,0.0247467972600345,0.0249671274516999,0.100169369564235,0.103781620841041,0.101658864176282
"317",0.00861147555846492,0.00729170496046794,0.00708750802734004,-0.0260171778624249,-0.0252922874304161,-0.0249722988365529,0.0440924736224509,0.0455307913004765,0.04812828350143
"318",-0.00740660463044168,-0.0111974712290651,-0.0131640594597628,-0.0250885630655258,-0.0280401907441625,-0.0299367720654725,-0.00421581451039799,-0.00657245389315603,-0.00406631394485529
"319",-0.106462770224209,-0.109962270744469,-0.110216998048321,-0.0526648961030758,-0.0491941567816069,-0.0545103731669632,0.062278119152681,0.0520089330201252,0.0543865771797496
"320",-0.00749792640127456,-0.00989467674849673,-0.0110395364613362,0.0166274769337527,0.0111529332072994,0.00899455699709928,0.0375000119494987,0.0340611901572596,0.0414125095486824
"321",-0.0860517411732442,-0.0891811970606483,-0.0904868136597018,-0.0513211221519402,-0.0540438704652075,-0.0520206191199826,0.0363654844616715,0.0439483393500498,0.0395110054977132
"322",0.0524186923286365,0.0465198948153254,0.0506384870495133,-0.00822258640869855,-0.00988285699515257,-0.00816047302844802,0.0206123502492869,0.0189532503972347,0.0205876997189671
"323",-0.0105206959379358,-0.0129904031051522,-0.0105061735789044,0.0576298459834285,0.0531499943563987,0.0586538168240724,-0.0311797256630579,-0.0301655514781374,-0.0303896665063442
"324",0.0167969038164455,0.0179422868837349,0.0164397194571373,0.0303461970742231,0.0284892285610409,0.0313636133084021,-0.0133911020546532,-0.0133011471851403,-0.0126476474193519
"325",0.0435240549941576,0.0365268963938479,0.0379510709424105,-0.0422858746814083,-0.0450016956645811,-0.0443599408991908,-0.0228317049701575,-0.0233725878865056,-0.0208401767241444
"326",-0.0107615727595359,-0.0129998099328863,-0.0132280801349115,0.00410407316055139,0.00395683603599628,0.0067796236745481,-0.0248903669098949,-0.0237800605758809,-0.0243883183619918
"327",-0.00974543451829502,-0.0130661920157839,-0.0127831113490596,0.0184017130937082,0.0165263147194566,0.0196026576771063,-0.0177979733881605,-0.0199734374439478,-0.0175488375438176
"328",0.0211591800112935,0.0227422802669666,0.0234536333050968,-0.0313465543175285,-0.0342652585371848,-0.0311947696611082,-0.0117408306739745,-0.0029327835358387,-0.00722061274674501
"329",0.015770613956727,0.0189972924964537,0.014923124480732,0.00332915196259831,0.0077100377179895,0.00351378595208585,0.0256675301656241,0.0276275661601864,0.0256639994666155
"330",0.0216721362545796,0.026066071829576,0.0218651818707187,0.00442492753434187,0.00377081612371682,0.00307938261476648,0.0546302110386829,0.0482432834158258,0.0573496398479761
"331",-0.026394872840455,-0.0247559677192637,-0.0253565713358262,0.0482009808528727,0.0499932503982003,0.0503990685264174,0.0249883479235947,0.0264539456568283,0.0240384166832756
"332",-0.00744829275653802,-0.00884576277017862,-0.00674009795828695,-0.00505053482461171,-0.0130988432936543,-0.00876452669758632,0.106778563418434,0.112174640351038,0.108271257434073
"333",0.00982361501664519,0.00625348800192205,0.00532264741181809,-0.00851060605328979,-0.00176047733268059,-0.00565380209856681,0.000567474187296024,0.000274332509343,8.01237788627951e-06
"334",-0.0179483736074207,-0.0169708121895596,-0.018320152476976,0.186380875061118,0.18770388111695,0.189297497426409,0.0312671756594473,0.0374943223107745,0.0371676648823963
"335",-0.0302089498806016,-0.0269314639233101,-0.0306399314253833,-0.00674751170461818,-0.00297089687070229,-0.00324760140978109,-0.00714836166661903,-0.0062829031507961,-0.00486439501353225
"336",-0.00506250551768339,-0.00438461584164629,-0.00355133049507916,-0.0269628023917159,-0.0279183570807856,-0.0269170810290358,0.0158041882427337,0.0168499582855324,0.0182033959737316
"337",0.0626215976779637,0.0598087827107616,0.0623260488747128,0.0248508312085934,0.0259406255199935,0.0266029675894931,0.0068552641490614,0.0106891597940424,0.0109008169582784
"338",-0.00118369086548059,-0.00170998400156963,0.000298156715252074,0.0460650768597661,0.0447796051812122,0.0459872224633784,-0.0526869932486762,-0.046773261472516,-0.0454610726367637
"339",0.0303959384813904,0.0251834451638171,0.0280114475895754,-0.030157491242028,-0.0328565867945443,-0.0294975803679525,-0.0185238447528348,-0.0205188223414677,-0.0205627574578267
"340",0.0103318809594034,0.0106141391289186,0.0105809561441712,-0.00460977282662306,-0.00675215998778672,-0.00753099765520288,-0.00380365701224555,-0.00176380590077019,0.00152770496716537
"341",-0.00205099932607278,0.00496031908874039,0.00281955060145667,-0.0292436357354795,-0.0202788687113207,-0.0221069263326,0.184695635641886,0.178088747362659,0.176272929627189
"342",0.0315180110388787,0.0262454331842368,0.0300064711012799,0.0982824921632008,0.102123044578156,0.0980577200752279,-0.0253999250779002,-0.0240574582597752,-0.0228630918922919
"343",-0.0027042107981734,0.00332947062724787,0.00372953072369953,0.0803685601559767,0.0779619310258652,0.081045093186016,0.0109039289907292,0.0155456988309051,0.0139779171638515
"344",-0.0837449616645884,-0.0943852653717747,-0.0946601297009236,0.0190052704128085,0.0177938721870637,0.0173036415625629,-0.0523579201777662,-0.0540761160424222,-0.0546079178151858
"345",0.0165103377088788,0.0142647050210462,0.018284225789797,0.0609521725896818,0.0607438868539799,0.0610068178901503,0.0256391560229745,0.02917126570011,0.0279479180156189
"346",0.00245618676662701,0.00426518813468696,0.00629799859943825,0.0225642165376664,0.0240295626493883,0.0213071174747658,0.0692607443686803,0.0689048553738147,0.0706561175005568
"347",-0.0629263118154404,-0.0608142998297101,-0.0603251302116866,0.0198747892650071,0.0204507752202727,0.0192787065279283,-0.00539193433754276,-0.00416966571760512,-0.00287472563338204
"348",0.0514560247871333,0.0466151010673191,0.0485288369637332,0.0117253570658097,0.00733612516287496,0.00975366603420547,-0.0432858023805138,-0.0452951700519516,-0.0451736803138686
"349",0.0869578627152882,0.0884566640701202,0.087149051753571,0.0165676283291919,0.0154095980668209,0.0186652037943562,0.0346824945114402,0.0366067872320614,0.037018664265852
"350",0.00051632667668644,-0.0037549664076737,0.00166207159595044,-0.000608617193102984,-0.00187191455798624,0.000566138763633067,-0.0151775910274677,-0.0136283587498371,-0.0156452739633876
"351",-0.0663514922145765,-0.0644606787977636,-0.0667669484130543,-0.00810905890864555,-0.00915530422645094,-0.00597105775573648,0.079439803178964,0.0796626355478471,0.0813478254196365
"352",0.0299007686347343,0.0307196418863634,0.0311442712955448,-0.0403490557777146,-0.0359128797350422,-0.036979347235065,-0.00147179627736171,-0.00147264832470229,-0.0012862969162252
"353",0.0611909632348341,0.0621155966946768,0.0660083206263424,0.00240689677060846,0.00296928634795779,0.00557416746027606,-0.0346541440241298,-0.0302482909273375,-0.0291034887381392
"354",0.0708334042455598,0.0645940350490839,0.0706166344295569,-0.0125398495274006,-0.0132256531385827,-0.0110478246701328,0.00762990337622121,0.00865527896583529,0.01002516627732
"355",-0.0180410436207225,-0.0188479935384372,-0.0210990860865063,0.0375185186947003,0.0333155285964907,0.0363394290418012,-0.00306969236805044,-0.00332007116798283,-0.00241326346125703
"356",0.0112607935442233,0.00449049801545964,0.00431161714620876,0.0405449583555625,0.0435096224217857,0.0432272475520791,-0.0696973783632991,-0.0707356302023168,-0.0701298799314947
"357",0.0172785038228391,0.0150562429722978,0.0148567775830954,0.0179341643060981,0.022561014437582,0.0234960351461299,0.0635033204354785,0.0598843748061713,0.0607343098526271
"358",-0.00155867070236704,0.000478688697548635,0.000148422899006934,0.0168510412763416,0.0148423935182407,0.0180657599463688,0.0108029059977635,0.0105371575655551,0.0122959315589697
"359",0.00177004150162963,0.0104500335155975,0.00814820371221414,-0.0924279504207144,-0.0916918570621317,-0.0924758650748095,-0.0479707872871805,-0.0499569728118133,-0.0466961870302467
"360",0.0385377650209351,0.0316552537954844,0.0312015296554939,0.00560829908212113,0.00472055842236296,0.00602416504401848,-0.00667943274460892,-0.00943495709950826,-0.0055385960066161
"361",-0.0352811047688741,-0.0336539576414371,-0.0275261070515325,-0.0258511496914401,-0.0232744559035046,-0.0244890772848209,-0.068572025848039,-0.0617668515113443,-0.0671375756418872
"362",0.020424058931091,0.0173868962912921,0.0187110878082968,0.0143741144561101,0.0137623109913786,0.0159654740375587,0.0325971691142573,0.0355789879218815,0.0312146086793625
"363",-0.0301894864154215,-0.0310176237877529,-0.0303136351475629,-0.00206899264385485,-0.00262759762974718,-0.00296230706047165,0.0418063175469811,0.0428941564928841,0.0443791374263926
"364",0.0470457560925966,0.0480575484159905,0.0506184661426545,-0.0145453573744517,-0.016769668849938,-0.0163750722344954,-0.024834347746391,-0.0268281761547678,-0.0229310674878381
"365",0.0588843074067802,0.0592488396297182,0.0589702543714172,0.0264623255189593,0.0265012719143763,0.0258868410397781,0.0681605503719458,0.0757950213449347,0.0795771740015118
"366",0.0364740272371309,0.0361424326753873,0.0324264092689909,-0.0243843113008793,-0.0249918227070229,-0.0229578990614198,-0.0466140798627817,-0.0474697440564732,-0.0483804186028665
"367",0.00779552544079165,-8.9523462469876e-05,0.00285213459549927,-0.0524058757263533,-0.0539905703941125,-0.0544479849683976,-0.0621038400307358,-0.0638388700792976,-0.0625326314218777
"368",0.00425960873127085,-0.000591613646772848,-0.00127704846665927,0.082379353312478,0.0800779113650651,0.0812704601174952,-0.0188931747329505,-0.0181924387609428,-0.0202897286406953
"369",-0.00627236933016845,-0.00928702897142553,-0.005528294046593,0.126477680750722,0.126904831546119,0.126832398847207,0.0454027062316139,0.0496990892056491,0.0439892295836233
"370",-0.0288595207108953,-0.0257203788472955,-0.0259907936183134,-0.00654630400688783,-0.0111456973182394,-0.00306379026234793,-0.0193286030390885,-0.0182059265604216,-0.0191397224890647
"371",0.104616924483471,0.10881880618569,0.106658025319468,0.00453675145427024,0.00452233642974031,0.00560604805326181,0.0577020454765296,0.0578640377087788,0.0588663654212023
"372",-0.0150561480469776,-0.0157664372613256,-0.0129279061485349,-0.00780289639864036,-0.00950526901608081,-0.00980665790305268,-0.0243804286975138,-0.0228430773096992,-0.0242972001882614
"373",-0.00979099780447779,-0.00962075911769955,-0.0100889889248357,-0.0777753877141727,-0.0779241099138722,-0.0766047688415824,-0.0229544796893002,-0.0219450794625448,-0.0247820842128511
"374",0.0419042040859302,0.0435059129870522,0.0457933223062115,0.0100759906722893,0.00714769453812547,0.0116426533577229,-0.0264442756041438,-0.0238003504792736,-0.0203657063592084
"375",-0.00334168749070085,-0.00569496525470281,-0.00612237695381823,0.00203654681759768,0.00247846828326936,0.00178303078426356,0.0429888805064845,0.0447046487787605,0.0446102223269612
"376",-0.019711092820983,-0.0201537755603267,-0.0180866810454399,-0.00100763708309104,-0.00317537731952522,-0.0034470785142191,0.0351445545964775,0.0375415799733878,0.0333509292988641
"377",0.00423264666192646,0.00603846119021823,0.00274743478691786,0.0161400375437781,0.0224225634426066,0.0188810862070809,-0.0450276528683521,-0.0447543779115712,-0.0460021770824366
"378",0.0405695124990896,0.0389030665698606,0.0386590265036459,-0.0530310604485003,-0.0473837477153245,-0.0492333098609227,0.00299075059314258,0.0048053582668568,0.00703696366906048
"379",0.0111098788941965,0.0211064432505201,0.0139268906276193,-0.0126121614626794,-0.0121157753468421,-0.0114057124089237,0.0258422220153319,0.0298956636507619,0.0293428785219997
"380",-0.0298990807136634,-0.0323014381610262,-0.0324384759482266,-0.0105565853684074,-0.00797858673303881,-0.00984407522224623,-0.001296556489643,-0.00360450327286721,0.0014997363148902
"381",-0.0102987240787978,-0.0142513109555448,-0.00829740354666164,-0.0816649484374737,-0.0767597725547349,-0.0815685970636841,0.0144839842986778,0.0154243158333891,0.0165346834067371
"382",-0.0538215755714258,-0.0536045091868481,-0.0554138638608542,0.0182333618196506,0.0197168437904087,0.016055441446564,-0.00622877854288895,-0.00616761988624231,-0.011682421666434
"383",0.0188750879862177,0.0177004422353597,0.0223484697074668,-0.00952243222107035,-0.0131754777074887,-0.0115544637598433,-0.0325764831303157,-0.0335319415994342,-0.0300698606274932
"384",-0.00276537292664841,-0.00904162275765591,-0.00388828467354696,-0.00882834927118237,-0.0088153106583343,-0.00837068006091773,-0.032716851260171,-0.0337767486181431,-0.0317664925146648
"385",0.0991289049230901,0.0948945890321654,0.0991392359131542,0.078119139407255,0.0784722794479008,0.0789634487963076,0.100989528500214,0.0998579547948493,0.101343976372339
"386",-0.0147936003683861,-0.0176683046865075,-0.0193267882910951,-0.0240337358089776,-0.0229064777408876,-0.0269995298462636,-0.0191412110876947,-0.020337529612286,-0.016834928235275
"387",-0.000224407264196369,-0.000944606216133237,-0.00194518829954771,-0.0287758317595421,-0.022870292935418,-0.0294281118491846,-0.0349343097181677,-0.0359690139304101,-0.0356827340879644
"388",0.0295241328053392,0.0287954349556009,0.0249179359268246,-0.0169806868558824,-0.0151367495354826,-0.0158204736181849,0.0247360343479895,0.0230130715289465,0.0214665269862394
"389",-0.0259018654782046,-0.0245028967610587,-0.028178077321283,0.0113683689484027,0.0126610455400518,0.0112118027065533,-0.032210756481264,-0.0310707952205287,-0.0321830367629063
"390",0.033355199731592,0.0321442620930936,0.0371549542787774,-0.0417133513863944,-0.0338588052490373,-0.0358577275336041,-0.0229705090074912,-0.0221946626221823,-0.0237053975556238
"391",0.026323581639202,0.0296917103980414,0.0276245178967823,-0.0436401454670182,-0.0408733619974156,-0.0448392606443896,-0.0682963823222426,-0.0645500116370428,-0.066073502943595
"392",0.0193678626103596,0.0214784099592715,0.0221131164084689,-0.0302659924564046,-0.0332530640828712,-0.0306118762648755,-0.0115359454245224,-0.00961817502496923,-0.0106403888728374
"393",0.0369510933332814,0.0382099057715301,0.0351558963093589,-0.0423576167695019,-0.0404775070870925,-0.0396189458923478,0.097930894349557,0.102769805745935,0.101910066290482
"394",-0.0677814163196835,-0.0720067907608425,-0.0736129193698896,0.0275309483436696,0.025335032095287,0.0233782678889505,0.0294455230527784,0.0343452217549589,0.0310227594055043
"395",0.0163488710697295,0.017959433172677,0.0164036213718539,0.0134782638601429,0.00993241717254056,0.0109628375494703,0.0365285745208083,0.0318266894748371,0.033976876071422
"396",0.0451820452975336,0.0392657741673231,0.0416902622160484,-0.0220044505117056,-0.0226666118195274,-0.021538087401459,-0.0356920369006066,-0.0358613064955117,-0.0360316967772411
"397",-0.0531629374853694,-0.0546573948695221,-0.0518306201195494,0.0164875918190428,0.0176562910875047,0.016065094509119,-0.0289375652494018,-0.0261527929008424,-0.0274884852148184
"398",-0.00886879777149363,-0.0099135724858079,-0.0112231364331413,0.0488615794484017,0.0456594352416836,0.0468465466536419,0.0175793097152394,0.0140662396306619,0.0165557004849215
"399",0.0154007046259413,0.0155352800169681,0.0148252302427166,-0.00820285812643395,-0.00659139764319572,-0.00282520463452202,-0.00806662752355458,-0.00914477748738551,-0.0111828380445747
"400",0.00239036669685766,0.00519812695507105,0.00454276544515281,-0.0083890643826221,-0.00619267231571641,-0.00708787103805786,0.00302495023865113,0.00132892594136846,0.00117007791250834
"401",0.142737400654294,0.15432908031514,0.144695153163322,0.0326781749540124,0.0295192165049842,0.0307210992055164,-0.0266047349372217,-0.0245321803616373,-0.0241367118040323
"402",-0.0267450543732763,-0.0282736789604034,-0.0271033704513155,0.0686029314317584,0.0617109449916852,0.0667910560184367,0.0141983032152194,0.0111204779807974,0.0105792226444337
"403",0.0234270685411043,0.0188312398170259,0.0201651212900165,0.0904657648039209,0.0838653321706999,0.0929321610929576,0.0286209230499192,0.0262986229919731,0.0274625047634205
"404",0.0201561641676468,0.0190873759433936,0.0215397478919744,0.00765149161928329,0.00687690875441749,0.00605774253014305,0.0345721704814855,0.0357072277071718,0.0360803394158754
"405",0.0349693868904108,0.0382947638449699,0.0311126417164271,-0.00875584996877077,-0.00677321855568602,-0.00439389910112398,-0.0154161487308135,-0.0141844199297985,-0.0131690757140124
"406",0.0260034813502642,0.0241218587072616,0.0269687003685196,-0.0150921111240699,-0.0132862914446448,-0.0162610624444358,0.0399581757462878,0.0405326977505074,0.0431792230423147
"407",-0.0233538304110463,-0.0298217158640486,-0.0286826984030202,-0.0379199832734072,-0.033330521222318,-0.0402831308322558,-0.031100962941189,-0.0258887874367041,-0.0272214877128377
"408",-0.0123365512517937,-0.0128120333873098,-0.0132095801543801,-0.0221986420819128,-0.0199766260946012,-0.0208429463166689,0.0392588569839899,0.0414026988472544,0.0427820181733239
"409",0.0105549690012928,0.0128099196501923,0.0110198086319099,0.0258216314486874,0.0290054180696607,0.0286983352520628,-0.00472479366792733,-0.00389763321229286,-0.00353144860267368
"410",0.0960194665137813,0.088670246982267,0.0916611902753751,0.0109338007912807,0.00606676710699694,0.0123823930327447,-0.0146659000671531,-0.00624080515503511,-0.0148017521232914
"411",-0.0277139081590428,-0.0278164687474659,-0.029174925582017,-0.000840202196352446,-0.00423368000698737,-0.00629926930405972,-0.00598027872457141,-0.00506853250633138,-0.00327985190169389
"412",-0.00371046779041195,-0.00656474715098354,-0.00258263921707103,-0.0162942099250717,-0.0171170776400003,-0.0147665218925714,-0.0251698560239793,-0.020304423157444,-0.0267453736504802
"413",0.0867464886457927,0.0787504030979614,0.077531628206965,0.0286675544133628,0.0301683926998608,0.0366008846201235,-0.00513467103898269,0.000217078120319014,0.00384296083150393
"414",0.0134381925158919,0.00797624796665841,0.00676357357195451,-0.0234505728361367,-0.0262999967155282,-0.025836071103267,0.00472643939880873,0.00312394263751847,0.00380837873010004
"415",-0.0158396392144955,-0.0137056027522251,-0.0170826231170766,0.0504490373693129,0.0499791933090737,0.049929853244454,-0.0409819025128859,-0.0394592817359599,-0.0421288188718593
"416",0.0724306675670227,0.0734450309350364,0.0740477282941835,-0.000928563599530752,-0.00151869378802574,-0.000703155707184794,0.0160232506874699,0.0117445977366691,0.0148956539634598
"417",-0.0101434511795974,-0.0118328917853319,-0.0135740558176888,-0.0560237093607668,-0.0540806748374023,-0.0510395603198465,0.0519810950094841,0.0507503233352691,0.0495069751331546
"418",0.0987880702214613,0.100122564171948,0.0977818365096411,0.0239383617883033,0.0299288702984253,0.0289173619803799,0.00720459149657693,0.00833464640503168,0.00511493617379344
"419",0.0425863770880114,0.0459876440760965,0.0448785266889254,-0.0113275787997221,-0.00995441446742472,-0.0119348112723901,-0.0110502877479128,-0.014372856476463,-0.0160458861498867
"420",0.0338514592691057,0.0351013337829225,0.038456716086064,-0.0302014319151177,-0.0289328912107999,-0.0282952219020717,0.0150347293326443,0.017895555743413,0.0184330534771607
"421",0.00737378872274197,0.00676314635579667,0.00862068868932564,0.0693883139340969,0.0634618740464529,0.0671396893798117,-0.00111498158976076,0.00367244408030576,-0.000870640731533534
"422",-0.0135622018403505,-0.0114486472882727,-0.0129966615674516,-0.00480288809413487,-0.00193186111910315,-0.00565097756124189,-0.0145625482159941,-0.0154464402323624,-0.0162392637631066
"423",-0.0322861314936456,-0.0315928218424844,-0.0322811733734178,-0.020609296853661,-0.0303911817244253,-0.027955723682328,-0.0494815881319317,-0.0456888575658415,-0.0505894158778284
"424",-0.0152217044805327,-0.00865459898628462,-0.0101170365418257,0.0601541710900874,0.0623073178231529,0.060870020079741,0.028744188284042,0.0132216869191409,0.0160783189393211
"425",0.0992206282146122,0.0969075692401751,0.101206941366748,-0.0297035628401613,-0.0296687920375862,-0.0290658378719901,0.0240831915527179,0.0189234341217516,0.023383028600489
"426",-0.0302332178989156,-0.032119141639075,-0.0305257678507041,-0.03139672554787,-0.0294929679555538,-0.03113169164037,-0.0326045980685044,-0.0331870410976158,-0.0313192417276028
"427",-0.0429099343789857,-0.045988358547412,-0.0471359470939098,0.0327587466949373,0.0327968332920854,0.0272408971197291,-0.0363367335220176,-0.0390227141683571,-0.0385720554400343
"428",-0.0114434510264195,-0.00902155130205845,-0.00921759361564445,-0.0012015259631144,-0.00193456375248302,-0.00238654026939811,-0.0679867958138174,-0.0718048539131722,-0.0665603885898793
"429",-0.026197822322557,-0.0270709449841696,-0.026964710462786,-0.00577305571168249,-0.00943960902492089,-0.0101246833745845,0.0297573370878233,0.0307687215022093,0.0280012751403597
"430",0.0444577517390623,0.0412462855792469,0.0478241107496634,0.0562430463095408,0.0591407908816599,0.0599712797358433,-0.0112103159919391,-0.016377337105242,-0.0145671070040774
"431",0.0258033070795178,0.027479059838535,0.0272775187376845,0.056292842416227,0.0589835735508198,0.0599192158912995,0.023900664278382,0.0262028616036655,0.0259785069296163
"432",0.0711764223238209,0.0672764511532528,0.0751287066829598,-0.0188730303875222,-0.0198132260132379,-0.0190002495802583,0.00189149025294211,-0.000947759676519166,0.00481704379369607
"433",0.00917591191684769,0.0149343840506536,0.00975094626085476,0.00190308161794056,0.00181684273177501,0.0058561715669716,-0.0200293621764617,-0.0190744654501647,-0.0205922365520821
"434",0.0290593253813938,0.0290311445970729,0.0294368399764746,0.045543963224147,0.0491561703171662,0.0460309394758598,-0.0147680494957642,-0.0173605549591813,-0.0139855406422427
"435",0.0456257868180251,0.0431825493769082,0.0388332599143484,0.0859472677399995,0.0810476182633535,0.0829153208995133,-0.0272442332034439,-0.0271778191791581,-0.0218793994102974
"436",-0.0772783342235726,-0.0754781111461631,-0.0755903302248986,-0.0666272094670122,-0.0629841316187224,-0.0595977205203689,-0.014252117539316,-0.0115355275001797,-0.012673236124241
"437",0.0418980175655158,0.041209094028909,0.0398787328839482,-0.0130067972818724,-0.0146295947173281,-0.0132051991406473,-0.0149895875541082,-0.0116613625428561,-0.0112549330776888
"438",0.0462681479481518,0.0468250290074202,0.0460773223849302,-0.0338857378452155,-0.0364224126580794,-0.0344943051779314,-0.0430445807395701,-0.0380773439407958,-0.0434236604403253
"439",-0.0152211867661389,-0.0173636734493041,-0.0170325855710378,0.0220552706036335,0.021380031987675,0.0227031418297453,0.0239175422119264,0.0225598403952679,0.0261299890118986
"440",0.015065037613635,0.0180591722738697,0.0172988109697712,0.0242499954186931,0.0219046717781378,0.0231902163387704,-0.0092213059924684,-0.0114851259099653,-0.00777367103880444
"441",0.0071726721806088,0.00673317249886718,0.00773593853045684,-0.0150779265196055,-0.0152278194044707,-0.0154326858811207,-0.014219447752663,-0.0224995224253304,-0.0182250633075595
"442",-0.0315418567050459,-0.0343311358048395,-0.0356381466542701,0.00610574920313967,0.00702165286485434,0.0092606923912173,0.0295904978152109,0.0315588282227102,0.0275322909534206
"443",-0.0627541671539961,-0.0562041102907901,-0.0606438950612852,0.00599222101051833,-0.0016835598454194,0.00240141085699658,0.0406529489389122,0.0358472742750724,0.0362429699609803
"444",0.0266598787430698,0.0234443307226772,0.026088414155517,0.00546593994908479,0.00141232766541211,0.00567884183896777,-0.0570990203841502,-0.055842496631069,-0.0572279938902936
"445",-0.031384549189315,-0.0280838156719194,-0.0269300356781755,0.0847414294592719,0.074628363728513,0.0830063338941602,-0.0165198352206374,-0.015378719242702,-0.0157609097928771
"446",0.0109849952933846,0.0141013216188288,0.0124371839116392,0.0106054712567087,0.00776925197985834,0.00942452670183036,0.119202675573311,0.118516985681381,0.124996836381523
"447",-0.0225238255879159,-0.0228768350817288,-0.0216491506681447,-0.0131911244238559,-0.0280512296893325,-0.0179322228553155,-0.0207342309614925,-0.0233333754268094,-0.0182461185859768
"448",0.0329333265866049,0.0320832850934335,0.0341718880945783,0.0366115844130953,0.0361303137022631,0.0347257350598491,0.00527898089065854,0.00338514140858454,0.00705484531964934
"449",0.0585876143419925,0.0609859636426393,0.0600308256494546,0.0195471126024332,0.0210722560637181,0.0228295400415235,0.0718955040327495,0.0706501518789455,0.0722416293341966
"450",0.021914264885172,0.0220503857084746,0.0256527889426035,0.0816653995940935,0.0833595863273654,0.0755193538248192,0.0499406102228985,0.055355710489442,0.0529118960482868
"451",0.0460146001683843,0.0370291909383172,0.0439085800946183,0.0302614537917824,0.029079388545783,0.0305321943662186,0.0547383310302735,0.0524802069553469,0.0560867163398063
"452",0.0495067187765703,0.0493897483775508,0.0529924085768636,0.00534198937087876,0.00301991435657323,0.00539795406980392,-0.0189852203342843,-0.0159221830550141,-0.0146052580313055
"453",-0.0166617063563782,-0.0201355921853076,-0.0169491453148631,0.0300393284003621,0.0293655945242034,0.0293935156586123,-0.0391747701884217,-0.0528733330253154,-0.0497033869117269
"454",0.0144592059886715,0.0140567958759832,0.0132792426904955,-0.016819042263203,-0.0165318855791442,-0.0193694172880002,-0.0735208998182224,-0.0747403179820491,-0.0739401227518616
"455",0.0292842806532958,0.0289943569661454,0.0300375999753802,0.0662976906199734,0.0676395612100571,0.061712917057175,0.0201718072347098,0.016439152932471,0.0181617692089996
"456",0.041560768110776,0.0393580220708157,0.0405706418264104,0.0233289152381103,0.0239928507837276,0.0232314692090606,0.050279000836896,0.0514486968214528,0.0511358090707541
"457",-0.0228105761256415,-0.0225092709739141,-0.0218288779324961,0.00312158259068662,0.00128414321337178,0.006712127997337,-0.0684006721544259,-0.0685116204248996,-0.0673863923676017
"458",-0.0374130531198468,-0.0336318218225917,-0.0351962428170595,-0.00613039503749491,-0.00371136481543355,-0.0032211078561864,0.0364149967847266,0.0352613560251014,0.0350240158123612
"459",0.00369296805061781,0.000497179713198959,0.00322610193383976,5.56901812638691e-05,-0.000920926602951455,4.53727161807069e-05,0.0395596478125507,0.0354930439391697,0.0392764442734418
"460",0.0401310670643559,0.0422607225920527,0.034994261252262,0.0142234293078164,0.0181491547353825,0.0127553342355945,0.0246759169998276,0.0217575111486806,0.0255805689272478
"461",0.0153499270360963,0.00982950792600878,0.0119575395314058,0.128765306299419,0.127324260620366,0.127185065094297,-0.00665842136946471,-0.00603993710496553,-0.00531566063645239
"462",0.0230769225511599,0.0175664123721731,0.0216232367698022,0.0127790278113867,0.0143847674213976,0.0105761464409533,-0.042410737773984,-0.0381896575492202,-0.0398606757879829
"463",-0.0267793301984269,-0.0282644275481614,-0.0266049071733104,0.0475915551388376,0.0496543726843193,0.0510076300018878,-0.0327133301164629,-0.039679326517192,-0.0333326761091964
"464",-0.0251647600451478,-0.0238991799245309,-0.0246625897291426,0.0284493853019777,0.0236120830440335,0.0265941921875851,0.0473146135407532,0.046411362746386,0.0460415779749169
"465",0.00969511568451084,0.0139329769939939,0.0164820747379367,-0.0248188794486309,-0.0220617797323552,-0.0227367969613638,0.0197375262842321,0.0161632524798586,0.0177871855338521
"466",0.00512546044420115,-0.000790002223594377,-0.00171949896250345,-0.00280012827231298,-0.00528462554462115,-0.00391248511292787,0.0282204997444223,0.0267854176733151,0.0274268897462849
"467",-0.0666983512518219,-0.0649682342007727,-0.0672558463485529,-0.0375691488885745,-0.0361288127431573,-0.0372583753984365,0.0171757660044343,0.0143164909834202,0.0160655050851412
"468",0.00587365644744559,0.00831894388979026,0.00945093351910586,0.0259062137820374,0.0257469319340364,0.0234073954836587,-0.0384737370601219,-0.0400389136381697,-0.0379350478448176
"469",-0.0169258889322326,-0.0204740816149017,-0.0177935341010732,-0.00247485266182346,0.00875544672270179,0.00708898681262227,-0.0375922137197949,-0.0382696950415566,-0.0369624124899751
"470",0.0189122589990713,0.0197994759846742,0.0201827151556839,0.0260266505563849,0.0227931792770378,0.0210447022658992,0.0427890674909533,0.0423400020542624,0.0393701290429699
"471",-0.102718647944139,-0.109818840499775,-0.107409035096452,-0.0203156431320384,-0.0181925307058983,-0.0178507335795181,0.0285519489478809,0.0310821689595087,0.0323634298448023
"472",-0.0162154943443001,-0.019319580815325,-0.0190044471291956,-0.111009988573378,-0.113522760541375,-0.110158922653296,-0.0667567900978574,-0.0683550342056011,-0.0661933203813677
"473",0.0173518099787316,0.0153232450142883,0.0125273905823987,0.00672132191724145,0.00327601488432333,0.00159595125594403,0.0886877855604775,0.085687511547521,0.0857520995218178
"474",0.0628055692416744,0.0553784891350733,0.0578065647316129,0.0646447273139122,0.0670436924705376,0.0663678709400318,0.0257708301060331,0.0267832578608356,0.0231964629886786
"475",0.0246865511363992,0.0195688442327799,0.0262691298173781,0.0202278692333004,0.0206911294902293,0.0217505903998082,0.0366975160924168,0.0343671566466198,0.0348509886487551
"476",-0.0308865795255732,-0.0323874446354406,-0.0333353065219383,-0.0388922719945685,-0.0375634350986598,-0.040974903058467,0.00815829597818873,0.00701630541022658,0.00888486958416879
"477",0.00648170852873231,0.00912122233032575,0.0123532281060575,0.000144029562086756,-0.00028754516822449,0.00151744939408477,-0.0309653792248491,-0.0304444529387587,-0.0259183931384636
"478",0.0288698620817754,0.0318398016146152,0.030731571791143,0.00131258382771232,6.32021363675128e-05,0.00450815761712942,-0.0453011590550424,-0.0437549760076819,-0.0416596400691686
"479",0.00168440928914071,0.00063040824804883,0.000784000444318478,-0.0397096688357662,-0.034798679410055,-0.0378389399235504,0.0385281656971558,0.0303918899659775,0.0375623465670311
"480",0.0761177090893236,0.0702951277773476,0.0741386483132258,0.0580973182963649,0.0649882636489312,0.0584224484468872,0.0431989345551142,0.0413007986473448,0.0434954507544519
"481",0.0352616441754384,0.0394284578562212,0.0359617525602572,0.101223657538442,0.100967584815023,0.105693124688334,0.00968455895561804,0.0109723987472089,0.0106861483173952
"482",0.0607931398346231,0.060806505286184,0.0594558153666706,0.0478476587285895,0.0487886923366648,0.0473563681365154,-0.0497033185939486,-0.0550825522360922,-0.0526494761607987
"483",0.0212805972645696,0.0218990949705128,0.0232417337084091,-0.0275989439705726,-0.026646717516579,-0.0280306889334155,0.0294397808302324,0.0295387046741496,0.0290384111093527
"484",0.0317586505108677,0.0288590578460636,0.0307138153642815,-0.0377283633546511,-0.0380216738843328,-0.0368474629576931,0.0273610622352728,0.0296133930535015,0.0298358143373221
"485",-0.0230015278036452,-0.025318817699466,-0.0226768583660477,0.0411316382443244,0.0394627939987057,0.0396550533892479,-0.0314265596754061,-0.0332640530707974,-0.0338788659885242
"486",-0.0476161730780371,-0.0466889329831679,-0.045542993007105,-0.0292567649614026,-0.0335979743846138,-0.032447579837826,-0.00281673011644912,-0.00658076517600048,-0.00687811904002567
"487",0.0197769509231855,0.0172743597925068,0.018178042016401,-0.00895710707111319,-0.00680013825545234,-0.00889754445803392,-0.0453296315688477,-0.0478967341173258,-0.0478171826342202
"488",-0.0572328639473269,-0.0546390593754092,-0.0575761202556637,0.0629100195960127,0.0639526758217224,0.0634312528483841,0.0355507295805428,0.0365403713357784,0.0354297829516721
"489",-0.0134974978960756,-0.0140602137322353,-0.00977914915289679,-0.0314979473805591,-0.0282084596218496,-0.0278601891393369,0.00881383904723043,0.00791803534780733,0.00664247713649813
"490",0.0681572183741104,0.0667720716810053,0.068680181859233,-0.00860085357725254,-0.00688360852424647,-0.0077432155339201,-0.0132859478195027,-0.0151697349901438,-0.0148497011424493
"491",0.0601527329963883,0.063685132966887,0.0560805664469851,-0.0129379683287084,-0.00995567759568911,-0.0145544438163939,-0.0332274234957592,-0.03655977546923,-0.0331149808688586
"492",0.0107906178487402,0.00675823647751606,0.00824834071524594,0.0425353496817326,0.0396070352185198,0.0430287048354866,0.0553327819593596,0.0522331223859542,0.0465837557636967
"493",0.0358632729835113,0.0342748681373893,0.0369357906702974,0.00503047902170717,0.00238187529195433,0.00203165021480856,-0.009339646793004,-0.00971530902470655,-0.00835524782176994
"494",0.0115901195835695,0.0123633431295268,0.0126159890403061,-4.65689282078685e-05,-0.00410970838137581,-0.00262504906058458,-0.0315128659523753,-0.0324046939906145,-0.0334749002939543
"495",0.0467197048943639,0.0470185594980608,0.0474821116414291,0.0160278074158909,0.0142275886910347,0.0120873099351025,0.0307366215592815,0.0332552696365955,0.0324720045472342
"496",-0.00968522793257609,-0.0064757819113565,-0.00789448596632703,-0.0509788953524075,-0.0508163073899054,-0.0542045975217355,-0.0252545775675861,-0.0215057257482282,-0.0253349702384347
"497",-0.0661208113940272,-0.0683050761328258,-0.067991877009011,0.0421873235724085,0.0436162646745288,0.0409008304336767,0.11638182643934,0.117587964029245,0.115165535598588
"498",0.0172544004151161,0.0201210150450719,0.0192268985603673,-0.0107805978025224,-0.011853508353688,-0.0106264868416154,0.0361841522525377,0.0338954369832876,0.0351502352764663
"499",-0.00321099790707419,-0.00474565095713081,-0.00523417862158759,0.0558740590610408,0.0568399311390453,0.0570815855226642,0.00649584200277731,0.00473564791143177,0.00532028696555686
"500",0.0524226569182746,0.0534339116717552,0.0561034477066581,-0.0044132946658606,0.00156718427421321,-0.00212497286081204,-0.000951870804647051,-0.00286529524607369,-0.0029924729521056
