"const x const","const x linear","const x walk","linear x const","linear x linear","linear x walk","walk x const","walk x linear","walk x walk"
0.017778992350007,0.00904672856330768,0.0122138956127059,-0.0763690356659744,-0.0237782898212986,0.00219442938318626,-0.00710800876562506,0.00380389694488348,0.0212238526268421
0.0564298813023293,0.0555624679059947,0.0551555567398299,0.0637820538338177,0.0483303009085055,0.0596829007638733,-0.0317821158630616,-0.00513906372599382,0.00374468915936854
-0.00649527894701718,-0.0217993158492594,-0.0189814950116038,0.0328486220041929,-0.00650365238111617,-0.00541259733207944,0.00203790662824532,-0.00288841783380178,0.00126289066392238
-0.0134664496428042,-0.025098744893828,-0.022981145689791,-0.03047016193786,-0.0120866872733056,-0.0134023013505735,0.015533530593474,-0.0280185714231092,-0.0229502723791526
-0.0145649522762728,-0.0225382089145031,-0.0187156844189871,-0.0359082590147307,-0.00180250014146285,-0.0013804619124953,0.103088520980316,0.0625951184041698,0.0316889025903203
0.00485117223021486,-0.0212145571096409,-0.00345365528801089,0.0325424548005348,0.00291049773185412,-6.6592978827662e-05,-0.00708197264705202,-0.00647507053233431,-0.00363735163151857
0.011086610438239,-0.00310251740996936,0.00387356242639292,0.0306129276275798,0.0246092000135389,0.0182434427893534,-0.0442390185761427,-0.0199831834602863,-0.00978663792518486
-0.0171857792000882,-0.0292909104756348,-0.0184616302640941,0.0253243252549858,0.00895676973758275,0.00205783705818263,-0.0353766994629675,-0.033737731892618,-0.0179591671390399
0.0173585220363531,0.0342111371759681,0.0275278240422263,0.0308982279716669,0.0173298683703622,0.0182988917199992,-0.0195037141296786,0.00517659710311591,0.00116527019710078
-0.0184185860106004,-0.00669803398505209,-0.0127939279602641,-0.0326480734664875,-0.032280160914235,-0.0334562670002447,0.00297489612486629,-0.00146453818386029,0.000909472439312206
0.0282721983986803,0.022964933973411,0.0217075965930887,-0.0252759949410073,-0.0222970683707719,-0.0244450459558065,0.018199403773653,0.00823817057520349,0.0140856658593548
-0.036836364032003,-0.0557010617085447,-0.0444327048850727,-0.00991638962752139,-0.00623620997463786,-0.0107414644218825,-0.0282089771736423,-0.0177736728575781,-0.0279541348216807
0.0141153973739487,-0.0129549460745401,-0.0124006074423333,0.0121268341274957,-0.000869528397188346,0.0010710115441751,0.0243421224649426,0.0163699524318061,0.011285294297518
-0.0181549038664869,-0.0263811578085818,-0.0297865687118101,0.0717982625173271,0.0321245182819399,0.0384322093758623,-0.00606417346240007,-0.00715081879312374,-0.00468073306987593
0.00224001985546235,-0.00256905353952314,0.00263956433093776,-0.0519055238027265,-0.0558792756247839,-0.0609934994571733,0.00854283650581367,-0.00706595203430171,-0.00341038800905125
0.00605468830039785,0.0106777909743503,0.00626311536822877,-0.0366387342560981,-0.0160514424807834,-0.00290017190167635,-0.00356142278967575,0.0101995389826367,-0.0304979620889251
0.00390655584008079,0.00789478493644118,0.00819549158307253,-0.000991952636365312,0.00288383529760372,-0.003784488432794,0.0670257315538846,0.0479331742753889,0.0326897735921688
0.00787448425641885,-0.0163049768368674,-0.0175335371899912,0.041231873666055,0.0333882643041769,0.0364799806855836,0.0287953719811119,0.0253434787856887,0.0290444310948144
0.000811466791835497,0.0234712980014094,0.0102235193002518,0.0368395739373163,-0.00768792871627855,-0.0105981854239184,-0.015395378183046,0.00167620766457982,0.00630725834995138
0.0171322253455043,0.0330480328735951,0.022981573790871,-0.0238199227006684,-0.016578188077009,-0.0201432281012536,-0.0351255239517871,-0.0230972447649613,-0.0222176735660864
-0.0107252106496689,-0.00800532857906551,-0.0074511804823572,0.00849786365592052,0.00535783103455187,0.00625016019577145,0.0799357842586648,0.0678275324168054,0.0592410543664967
0.0471341186507537,0.0603813764846209,0.0493176842958658,-0.124797663842563,-0.092764885652747,-0.0993882999779545,0.0615762044399005,0.0243069273637347,0.00220373802699703
0.0227720088328299,0.0272934268508649,0.022600400440116,0.0290994004377898,-0.0216503740435601,-0.0382073795304291,-0.0225186022058522,-0.0557434155718775,-0.0689131866896098
-0.000661235349318001,-0.00700462462599222,0.00371001779537977,-0.0196022980372118,-0.00711703787839196,-0.0163874375597882,-0.0272635550068073,-0.0342146367438608,-0.0241899280205139
-0.0114497802575486,0.00734530744901346,-0.00481706597247322,0.0052420405704996,0.0129812537097669,0.0163821800139876,0.0115812987398626,0.00950702929273495,0.0092357962177394
-0.0275555606972959,-0.0224677770968168,-0.0241302581537813,-0.0552412471523887,-0.0125705209581738,-0.014140197072996,-0.00716466307574248,0.0181527727776451,0.0249045049692225
-0.0335042464883465,-0.0442612835588437,-0.0418260579324457,-0.0296655730945947,-0.00712260113920532,-0.0183981247435297,-0.0847030225249524,-0.0487185166356091,-0.019326728487946
-0.00635890864365296,-0.00786973391515822,-0.00763353972216474,-0.0121595623442448,-0.0267951886864137,-0.0200447268814046,-0.00684749436504717,-0.00851264964352762,-0.0100515060218371
0.00741112226806939,0.0107136175029852,0.00870965139505853,0.00571328839947838,-0.023624552846802,-0.0289445035815965,-0.00120246275422231,-0.000865435668516379,-0.000652323230941554
0.00204813221158962,0.00385725461899533,0.00316113077692881,0.0239387190856788,0.0173549195987752,0.0189598397098722,0.0994972529055087,0.0631479307408302,0.0505817042579781
-0.000285288469859188,-0.000876014051451199,-0.00105948714932543,0.0157060593186137,0.0116564627231091,0.0144803174798142,-0.00574768281889793,-0.000817077849343373,0.015690841384121
-0.0164565477005605,-0.0130252549045715,-0.0141401410384245,-0.0292618296996681,-0.0156250316866865,-0.0202604931565321,0.034758779062629,0.0378473079785767,0.032183112650827
-0.00551300683133288,-0.0077583980019364,-0.0110156896463049,-0.0523376958161776,-0.0636578757052501,-0.066922968791943,-0.00494557937538243,0.00239673062517998,0.00103902833341663
0.0638001210490923,0.041882025719517,0.0515891792139692,0.0163727319997726,-0.0110247151633192,0.00353551904774507,-0.0204802005602969,-0.0246306006397887,-0.0256253101505116
0.0366085026998851,0.0171861042635911,0.0298478617052342,-0.00296772753239839,-0.00231524255272353,-0.0022201280797501,0.0259367628276965,0.0115019461456585,-0.00431213662716043
-0.0387216343626689,-0.0547278028825295,-0.0460406138612799,0.0484703708348297,0.0124089978928339,0.0184746632854714,0.038082523655918,0.0395704348243302,0.0372897111662114
-0.02341780032899,-0.0241650506983433,-0.0234307812601847,-0.038740628249467,0.00191502950175021,-0.00129612909053489,-0.0168044982001897,0.00232805469418462,-9.05577759496845e-05
-0.052203696713942,-0.0620258720909298,-0.0563506229015119,0.00448726627964779,0.00818916423382909,0.0075669501165615,-0.110525585611171,-0.112785210243928,-0.0318837564619353
-0.00166403937741777,-0.00469489190209671,-0.00155543554838478,0.0144020183818504,0.00363871597187404,0.00935027114680065,0.057778420776658,0.0519393750491992,0.0479834012909574
-0.0130772017451255,-0.0505021032719812,-0.0311588249793414,-0.00837680163030418,-0.0102589548834131,-0.00993007136087151,0.0451813024523369,0.0204137326989219,0.0306907599619383
0.0573202643048399,0.0318545013867186,0.0449184855306086,0.0292406889505683,0.0174347348745148,0.0162591188853695,0.011898423480258,0.00110149600665188,0.0167945983064046
-0.00693538666859614,-0.0053501734108575,-0.00647958299754678,0.0775733344700433,0.0496686297194386,0.0582501697443857,0.0138444101190487,-0.0122878302503048,-0.0161067128381143
-0.0386225903572845,-0.0496551790762597,-0.048995708364747,-0.022085078756458,-0.00839454546351276,-0.016799723030059,0.038433617971245,0.0307976373954432,0.0190216988057634
-0.0114726973194804,-0.0182020918186366,-0.00749794107171886,-0.0239087449244407,-0.027747622658775,-0.0319825130936669,-0.0884331237943621,-0.0646547935238446,-0.0502811941699012
-0.00871895787290122,-0.021299682402881,-0.0136206759225121,0.0409781491067885,0.00763887921535111,-0.00144007853028594,0.0516189014316016,0.0453631806846532,0.0451414693325332
0.00896962344320107,0.0177415045331993,0.0127418245927083,0.0160595762177659,0.0340791464531286,0.0163966562812433,0.0156909017235973,0.0277727563089951,0.00460561936683845
0.00314264822551502,-0.00425803405313818,0.00192853436375262,0.0307047561089375,-0.000754561135377751,0.00716403005056054,0.00766729297490665,-0.000295774142457184,0.00344925367376381
0.0125116151174288,0.00725568911301655,0.00812122663714498,0.00128103736787033,-0.010210595377119,-0.000447628263631428,-0.0771899629212079,-0.0421605205536488,-0.00885093224062894
0.037416285099427,0.0171628533689078,0.0255930704156525,-0.00444912846025103,-0.00334305908138591,-0.00356722764282228,-0.141411021286328,-0.110301543688623,-0.0618368419253897
0.0316972427265264,0.0331733886450662,0.0288461370657512,0.00747536868815279,0.000328871448236012,0.00599425699016531,-0.0162452746723332,-0.0055276850844862,-0.011054689962114
-0.00236405069568291,-0.0143288384768776,-0.00484761289860491,-0.016808322487544,-0.0282442899968246,-0.0317628326999644,0.00809864704195429,0.00599121442692357,0.00545559655880934
0.0185323071344607,0.0300176868224296,0.0254259050573863,0.0427200918305088,0.0116986340720724,0.00655384152800287,0.0885298612625862,0.0593263503798886,0.048443993641896
-0.0338232816625638,-0.0411187668351613,-0.0404041301276123,0.0295534108869691,0.00734255433747566,0.019963031313075,-0.0287693174775615,-0.036281420883015,-0.0401592719311565
0.0238354809399549,0.0407175839760497,0.0297911306471138,-0.0638221950553201,-0.0527684101717252,-0.053807662002692,0.0522517588048466,0.0436649250831178,0.0457328770080854
0.0013981521650388,-0.0057066197213842,-0.00531621371258595,-0.0236018641115911,-0.0197112667196484,-0.0260848970278054,-0.0469346944455128,-0.0131176946997433,-0.00384975383925516
-0.00486930151501042,-0.00600557572684707,-0.00401826919138987,-0.0207947347460941,-0.0159656817423516,-0.0187563362000704,0.0249474593009386,0.0431295901468051,0.0391289640775748
-0.00116046944666504,0.00677720056048281,0.00275474355500305,0.0458906702866595,0.0130985198032596,0.0123525449358355,0.0114518046809969,-0.00472132836043482,-0.0284703184634726
-0.00753031344238039,0.000449724081931113,0.000396016634286955,0.00629556216040735,-0.00140383058695077,-0.00132372162451847,0.00826738060166776,-0.0296512846337831,-0.0315524889983293
-0.030810649753728,-0.0184708466313278,-0.0350285266977769,-0.0107533196177796,-0.0226994114486522,-0.0385782859920681,0.00260541300018613,0.0013113408408072,0.00216879096277733
0.0187805247583003,-0.0038979582243478,-0.00118685825630827,0.0421894909574348,0.00928025161306145,0.0242572792276029,-0.0102173072953999,-0.0159942425354273,-0.0162176296494163
-0.000293994043579965,-0.0039717839058247,-0.00607236447592652,0.0455257579889577,0.033120442862433,0.0336363624550505,-0.0873801767598943,-0.0702188005504331,-0.0684090836181548
-0.0207911296217522,-0.0224102303876678,-0.0181488671517677,-0.0779732436853769,-0.0267446092414486,-0.0417974642310077,0.0175299880053741,0.0209444039468394,0.00362438837151954
0.0391142037474106,0.0800590379098198,0.0671248116948334,-0.0178733168016308,-0.00367653167110454,0.0109455045274706,0.0794258456616772,0.0364561399941576,0.0158649893299234
-0.0156003168421993,-0.0108797379412324,-0.0145694618565869,-0.0318688817220901,-0.0199013251404193,-0.026563191418154,0.0347498813771279,0.0252410533768846,0.0239170031204528
0.0126218780257596,0.0169099920169302,0.011839609235949,-0.00300779167589404,-0.0352086237826839,-0.0556783598594457,0.0816967156643864,0.0248949799002176,0.035609415999668
0.0123846959809563,0.0182846371652861,0.0162653779322246,-0.0714049037246109,-0.046865136843673,-0.051305541123744,-0.00734245917688803,-0.0370796416200914,-0.0342808983508859
0.00588191700337493,0.00917346782580675,0.00843416995261304,0.0177735508378983,0.0202174477833439,0.0205809477199461,-0.0774547081552845,-0.0769487996964698,-0.0717826053425865
-0.0155092942125296,0.0107874948706812,0.00186970810547882,0.0259477042783595,0.00114947163304335,0.00802256899733944,-0.000613771172365829,-0.0445557801461479,-0.0500073473351275
-0.0179256171865838,0.00528581161875863,-0.00310056697140282,-0.0578113101235793,-0.0217194151424102,-0.000649799052867772,-0.0586933295020604,-0.0471813665429908,-0.0307581927020693
0.0396083525235698,0.0149404444993587,0.0125833801520009,-0.0339561305704058,-0.0364033279418363,-0.0420735719907528,0.0343660239783031,0.0372421076797601,0.0377901420593409
0.00646595274813139,-0.018954456724402,-0.0213134359803036,0.0478053694432611,0.00756333867899495,0.0230225560780016,0.0192713302365599,0.00786477290754461,0.00626087678402909
0.00810438289165238,-0.00326749615972122,0.00134176519394635,0.0452413332840602,0.0205113399297323,0.0327846588327217,-0.12495439704373,-0.0826833835997458,-0.0872348242141537
0.0367577874490446,0.0386190950261842,0.0376999330145452,0.00436342660242101,-0.00384908780684673,0.00157151853754522,-0.0120428269207302,-0.00917882770103524,-0.00698729235387389
0.00727262659213224,0.00880403698940546,0.00844173696796757,0.012216092948493,-0.0253905436295584,-0.0163545262795218,-0.0695430556193967,-0.0378941713539614,-0.0197715364374181
0.0325329867669675,0.0449521691774386,0.043709927432717,-0.0412305230934344,-0.000440015119339776,-0.0226095151742717,0.00361613375508529,0.00158503881062899,0.00208605046537658
-0.0271964701633131,-0.034646767792244,-0.0288849266611773,0.0122700436079789,0.0106270443505541,0.00998077550255339,0.00426597749213473,0.0164259262663236,0.00161759135965756
0.015725844782019,0.0398978117104071,0.03674116134456,0.0533326233016356,0.0248823729966823,0.0351489110381079,-0.0195515343946336,-0.00824415445920601,-0.00181764174616821
0.00197038728327514,-0.000583206618947396,0.000441941036842142,0.0123261356686318,0.000900905515386435,0.00333604402197837,0.0205935842761727,0.0322017574290897,0.0242892779900974
-0.0220750792899358,-0.0375318529932053,-0.0291267351412611,0.0336637515798293,0.0367725228998204,0.0388989488079734,0.09079514276192,0.0462044477235384,0.010389697193838
0.0457626050803536,0.0367536734841957,0.0391113587683344,0.00531493822587537,0.0101649183626784,0.0109752410056696,0.00668038899668821,0.00757948802522423,0.00709482527722161
-0.0331458253964232,-0.0318692916625651,-0.0334374108114165,0.0480855932545995,0.0307017033387313,0.0387930461067647,-0.12186246186116,-0.105583851925651,-0.0907908631056823
0.00417201143104162,-0.000394643410356665,-0.000523701596034543,-0.0266496317941814,-0.0165806400517484,-0.0206605898699085,-0.0116139963120071,0.0129733079394899,0.0170920173857474
0.0142526664898057,0.0123827973407525,0.0158084474707961,0.00960943786922763,0.0100819390889327,0.0130293723801866,0.0102467160443208,0.0203205140338432,0.0120260670591311
-0.0280849647166533,-0.00966934973361611,-0.0220952861221136,-0.00230170399940444,0.0169507888623104,0.0089185985392618,-0.067022911531963,-0.0228044071302134,-0.029655083765047
0.0538171514179213,0.0359712262270118,0.0336121937947583,0.0027073773471431,0.00966040088594988,0.00797918330040492,-0.00329465033987686,0.0145572163678724,0.0318664464475364
0.0152561599061749,0.0171890975100965,0.0157622868020572,-0.019534805328985,-0.000578361710818598,-0.00402619023327355,0.0146559794628767,-0.0136661289304914,-0.0161855139965651
-0.000124263728736418,-0.00359187962375473,-0.000939294483378372,0.00580972600833068,-0.0027776690670081,-0.0040720783612565,-0.0109307655446083,-0.0123096669945871,-0.0104505092125375
0.00788412214599421,0.00483427501682636,0.00406762141934843,0.030745255451013,0.00905709859127524,0.0124342796136867,0.0508993549581192,0.0532444161441137,0.0549804203520996
-0.0341035046676051,-0.0418543500472197,-0.0381211943342567,-0.00898624667790937,-0.024815949994628,-0.0125568281720054,0.0153017600109061,-0.025226706064196,-0.00886124150225998
0.0110496495414063,0.00586301557266644,0.00968289693523705,-0.0111901140638837,-0.0472002316326925,-0.0434237956244826,-0.0526864021121629,-0.0192368942758248,0.0137870445773318
-0.0239635933507435,-0.0284842740018711,-0.0245867732653964,-0.00359715979659564,-0.00863367051073066,0.00187791307971374,-0.202631341783396,-0.0817674700798058,-0.0265591944128881
-0.0336165236255066,-0.0131110737158077,-0.0287217779167832,0.0154005136479496,0.0463552102491317,0.0325850088551906,-0.0604754571138043,-0.0101090309871937,0.057394259159292
-0.0316314585711672,-0.0313230264430129,-0.0313943652998396,0.0267725562681581,0.00603363758311742,0.0185319528277111,0.0174783286398609,0.0050526558166718,0.00973375955368067
-0.0471492702816151,-0.0607472549299385,-0.0480940371621842,-0.0169207255028927,-0.0138121011423077,-0.0079238078181865,0.0414927744131575,0.0579054492714315,0.0578254180500771
0.0169539679818722,0.0152765126555039,0.0186631810645368,-0.0349365072097656,0.0047057763067947,-0.00737753933590501,0.0181999494552355,-0.0125115668751129,-0.00640549398930645
-0.00803347008894539,-0.00282935635269854,-0.00732394822143134,-0.00330449172258346,0.0219319072096346,0.0244203987030379,-0.0737994601062117,-0.0428284302065959,-0.0244299672774486
0.0170478540656336,0.013667643368495,0.0173614088805412,-0.00827985837609191,0.0119737027043635,-0.00125940671052205,-0.0064992319100684,-0.0244536493086286,-0.0117688453070565
-0.0145140076776082,-0.0367304215020647,-0.0254583192023865,0.00651323623261671,0.00326861614178731,0.00404331312456162,-0.0354531643055929,-0.0147335821274946,0.0288562892870249
0.020607952778202,0.0228463691567797,0.0241248051820872,-0.00510876271994964,0.00152071285032895,-0.00646883818701405,-0.0386723560139938,-0.00866535335423219,-0.00690574683342909
-0.0232695068301531,-0.0043373000970125,-0.0166108659935168,0.0222089438362055,0.0165754896092976,0.0245262694910909,-0.00582298567819239,-0.00268258484875994,0.000950133671695164
